Start x,Start y,End x,End y,Nav. by wheelchair?,No Stairs?
2135.6,1969.9,2106.8,1980.9,T,T
2248.8,1845.3,2249.6,1849.4,T,T
2183.9,1917.8,2155.6,1936.6,T,T
2254.7,1842,2249.6,1849.4,T,T
2286.6,1825.6,2270.3,1816.1,T,T
1434,621.6,1425,622.2,T,T
2313.6,1764,2353.2,1768,T,T
2082.2,2044.9,2063,2009.5,T,T
2718,1358.4,2745.6,1382.2,T,T
2249.6,1849.4,2218.9,1886.7,T,T
2715.8,1389.8,2692.5,1407.6,T,T
2183.9,1917.8,2218.9,1886.7,T,T
2309,1788.7,2286.6,1825.6,T,T
1632.8,440.1,1602,439.2,T,T
2155.6,1936.6,2162.8,1955.5,T,T
2692.5,1407.6,2680.6,1429.3,T,T
2711.5,1271.2,2997.9,1230.8,T,T
1156.2,877.5,1207.3,877.8,T,T
1606.6,539,1553.9,419.3,T,T
1707.5,359,1696.7,358.6,T,T
1631.7,384.7,1719.2,385.4,T,T
2440.5,1607.8,2434.4,1737.2,T,T
2135.6,1969.9,2162.8,1955.5,T,T
2183.9,1917.8,2194.8,1931.9,T,T
2271.9,1847.4,2286.6,1825.6,T,T
1632.8,440.1,1632.5,431.5,T,T
2023,2071,2073,2066,T,T
619.8,1383.8,715.5,1420.6,T,T
2082.2,2044.9,2062,2048.2,T,T
2674.6,1453.6,2680.6,1429.3,T,T
1435,643.8,1423.1,643.3,T,T
2179.5,1945.8,2162.8,1955.5,T,T
2271.9,1847.4,2258.1,1865.8,T,T
1991,2176.9,1933,2143.6,T,T
1296.7,763.3,1295.7,797,T,T
1208.9,896.3,1155.5,894.6,T,T
2194.8,1931.9,2179.5,1945.8,T,T
2242.9,1885.6,2258.1,1865.8,T,T
2309,1788.7,2349.5,1806.9,T,T
1481.7,621,1434,621.6,T,T
1350.5,708.6,1349.5,749.8,T,T
2194.8,1931.9,2242.9,1885.6,T,T
2271.9,1847.4,2283.9,1855.6,T,T
2638.4,1252.8,2517.1,1851.5,T,T
2252.8,1891.3,2258.1,1865.8,T,T
2087.4,2055.2,2082.2,2044.9,T,T
2252.8,1891.3,2242.9,1885.6,T,T
2353.2,1768,2349.5,1806.9,T,T
1707.5,359,1757.1,359,T,T
2194.8,1931.9,2201.2,1952.1,T,T
1208.9,896.3,1207.3,877.8,T,T
2242.2,1899.8,2252.8,1891.3,T,T
2242.2,1899.8,2231.9,1913.2,T,T
2322.4,1853.4,2286.6,1825.6,T,T
1232.4,876.8,1207.3,877.8,T,T
1481.7,621,1486.3,614.6,T,T
1481.7,645.9,1435,643.8,T,T
1295.7,797,1295,820.4,T,T
2227,1936.5,2231.9,1913.2,T,T
1370.6,807.3,1370.7,663.7,T,T
1721,432.5,1632.5,431.5,T,T
1632.8,440.1,1606.6,539,T,T
2106.8,1980.9,2153.4,2079.4,T,T
1348.8,776.5,1349.5,749.8,T,T
1722.1,400.4,1719.2,385.4,T,T
1481.7,645.9,1481.7,621,T,T
1208.9,896.3,1229.7,897.3,T,T
2242.2,1899.8,2263.8,1922.7,F,F
2322.4,1853.4,2349.5,1806.9,T,T
1232.4,876.8,1229.7,897.3,T,T
2256,1935,2242.2,1899.8,T,T
1481.7,621,1516.1,620.2,T,T
3017.3,1096.4,2997.9,1230.8,T,T
2281.4,1917.1,2252.8,1891.3,T,T
2201.2,1952.1,2213.2,1975.4,T,T
1719.2,385.4,1757.8,386.5,T,T
2227,1936.5,2230.9,1954.9,T,T
2322.4,1853.4,2317.1,1859.5,T,T
2382.3,1815.5,2349.5,1806.9,T,T
1757.1,359,1757.8,386.5,T,T
1295,852.7,1295,820.4,T,T
1208.9,896.3,1208,956,T,T
1481.7,645.9,1487,657.4,T,T
1232.4,876.8,1287.1,878.1,T,T
1722.1,400.4,1736.4,415.7,T,T
2644.3,1600.9,2674.6,1453.6,T,T
1803.9,358.6,1757.1,359,T,T
1481.7,645.9,1515,644.3,T,T
1348.8,776.5,1347.8,813.8,T,T
1532.2,620.2,1516.1,620.2,T,T
1516.1,620.2,1514.6,637.1,T,T
2281.4,1917.1,2263.8,1922.7,T,T
1991,2176.9,2027.5,2192.8,T,T
2301,1890,2281.4,1917.1,T,T
1991,2176.9,2012.3,2209.8,T,T
1757.1,395.7,1757.8,386.5,T,T
2243.2,1970.8,2230.9,1954.9,T,T
1721,432.5,1736.4,415.7,T,T
1757.1,395.7,1736.4,415.7,T,T
2263.8,1922.7,2264.8,1951,T,T
1606.6,539,1557.1,604.9,T,T
1229.7,897.3,1283.8,897.3,T,T
2382.3,1815.5,2373.1,1833.9,T,T
2256,1935,2243.2,1970.8,T,T
1515,644.3,1514.6,637.1,T,T
1229.7,897.3,1229.4,956.3,T,T
1532.2,620.2,1532.6,634.8,T,T
1532.6,634.8,1514.6,637.1,T,T
1295,852.7,1295,878.1,T,T
2233.7,1999.5,2213.2,1975.4,T,T
2282.5,1954.6,2263.8,1922.7,T,T
2292,1940,2256,1935,T,T
756.4,1436,715.5,1420.6,T,T
2430.6,1826.7,2434.4,1737.2,T,T
2243.2,1970.8,2264.8,1951,F,F
2298,1935,2281.4,1917.1,T,T
1803.9,388.2,1757.8,386.5,T,T
1721,432.5,1721.9,461.9,T,T
1287.1,878.1,1295,878.1,T,T
2382.3,1815.5,2412.9,1825,T,T
2281.4,1917.1,2282.5,1954.6,T,T
1756.4,432.2,1736.4,415.7,T,T
2243.6,1979,2243.2,1970.8,T,T
1756.4,432.2,1757.1,395.7,T,T
1548.7,633.6,1557.1,604.9,T,T
1287.1,878.1,1283.8,897.3,T,T
1532.6,634.8,1548.7,633.6,T,T
1803.9,388.2,1803.9,358.6,T,T
2282.5,1954.6,2264.8,1951,T,T
1346.8,849.4,1347.8,813.8,T,T
863.2,1298.7,898.2,1299.4,T,T
2243.6,1979,2249.3,1985.3,T,T
1292.1,897.6,1295,878.1,T,T
2404.8,1848,2373.1,1833.9,T,T
1704,479.8,1721.9,461.9,T,T
1292.1,897.6,1283.8,897.3,T,T
2233.7,1999.5,2249.3,1985.3,T,T
1548.7,633.6,1564.7,625.6,T,T
2282.5,1954.6,2298,1935,T,T
2282.5,1954.6,2249.3,1985.3,T,T
1855.6,359.6,1803.9,358.6,T,T
2028.1,2223.6,2012.3,2209.8,T,T
2233.7,1999.5,2226.4,2014.5,T,T
1721.9,461.9,1757.1,445.2,T,T
1548.7,633.6,1564.4,640.9,T,T
2242.9,2007.6,2233.7,1999.5,T,T
2153.4,2079.4,2148.5,2102.2,T,T
2242.9,2007.6,2249.3,1985.3,T,T
1756.4,432.2,1757.1,445.2,T,T
1208,956,1207,1019,T,T
2119,2119,2122.8,2127.1,T,T
2404.8,1848,2412.9,1825,T,T
2027.5,2192.8,2066.2,2203.4,T,T
1564.7,625.6,1564.4,640.9,T,T
1343.3,879.5,1295,878.1,T,T
746.5,1458.2,756.4,1436,T,T
2122.8,2127.1,2065.1,2177.9,T,T
3448.5,827.5,3449.2,769.2,T,T
2430.6,1826.7,2412.9,1825,T,T
1704,479.8,1721.4,493.9,T,T
1721.4,493.9,1721.9,461.9,T,T
2066.2,2186.6,2065.1,2177.9,T,T
1721.9,535.6,1606.6,539,T,T
746.5,1458.2,754.4,1449.3,T,T
2122.8,2127.1,2137.1,2117.3,T,T
2137.1,2117.3,2148.5,2102.2,T,T
754.4,1449.3,761.3,1446.2,T,T
2644.3,1600.9,2644.9,1618.2,T,T
756.4,1436,777.6,1443.4,T,T
2153.4,2079.4,2166.5,2110.3,T,T
1065.1,1152.3,1068.4,1130.5,T,T
1839.2,385.4,1803.9,388.2,T,T
1068.4,1130.5,1087.2,1130.5,T,T
1600,625.6,1564.7,625.6,T,T
1343.3,879.5,1346.8,849.4,T,T
1756,460.9,1757.1,445.2,T,T
1606.6,539,1675.7,598.7,T,T
1803.9,388.2,1804.6,425,T,T
1370.6,807.3,1370.6,878.2,T,T
2066.2,2203.4,2066.2,2186.6,T,T
777.6,1443.4,761.3,1446.2,T,T
2282.5,1954.6,2309.4,1979,T,T
1829.2,409.3,1803.9,388.2,T,T
1282.2,968.5,1283.8,897.3,T,T
1292.1,897.6,1342.9,899.9,T,T
1228.7,1018.3,1229.4,956.3,T,T
2028.1,2223.6,2049.7,2229.3,T,T
746.5,1458.2,724.9,1505.4,T,T
1292.1,897.6,1290.8,955,T,T
2137.1,2117.3,2166.5,2110.3,T,T
2637.8,1633.9,2644.9,1618.2,T,T
2557.2,1741.6,2573.4,1662.6,T,T
1869.2,359.1,1855.6,359.6,T,T
1564.4,675.3,1564.4,640.9,T,T
898.2,1299.4,947.9,1300.4,T,T
1564.4,640.9,1600,640.9,T,T
1721.4,511.7,1721.4,493.9,T,T
963.5,1219.2,1046.7,1218.9,T,T
2313,1964,2310,1962,T,T
1065.1,1152.3,1086.6,1151.6,T,T
1086.6,1151.6,1087.2,1130.5,T,T
2288,1992,2285,1988,T,T
2066.2,2203.4,2060.2,2224.8,T,T
2112.2,2189.3,2066.2,2186.6,T,T
1839.2,385.4,1846,391.1,T,T
1839.2,385.4,1851.4,385,T,T
2288,1992,2313,1964,T,T
2637.8,1633.9,2645.4,1642,T,T
1343.3,879.5,1342.9,899.9,T,T
2277,2004,2288,1992,T,T
2049.7,2229.3,2060.2,2224.8,T,T
2284.6,2030.2,2242.9,2007.6,T,T
777.6,1443.4,798.1,1450.1,T,T
1046,1229.8,964.2,1230.1,T,T
1343.3,879.5,1370.6,878.2,T,T
1804.6,425,1810,431.5,T,T
1804.6,437.9,1804.6,425,T,T
1851.4,385,1846,391.1,T,T
1829.2,409.3,1846,391.1,T,T
1564.4,675.3,1573.9,661.9,T,T
1829.2,409.3,1810,431.5,T,T
2666,1647.4,2644.9,1618.2,T,T
2162.8,1955.5,2268.9,2189.3,T,T
2261.1,2075.6,2226.4,2014.5,T,T
1756,460.9,1756,509,T,T
2430.6,1826.7,2479.2,1842.8,T,T
1804.6,437.9,1810,431.5,T,T
1593.8,655.4,1573.9,661.9,T,T
1635.2,625.6,1600,625.6,T,T
1480.9,862.8,1487,657.4,T,T
3448.5,827.5,3440.2,869,T,T
1593.8,655.4,1600,640.9,T,T
1721.4,511.7,1721.9,535.6,T,T
1087.2,1130.5,1141.7,1133.1,T,T
1563,692,1564.4,675.3,T,T
1046.3,1243,964.2,1243,T,T
1869.2,359.1,1910.3,358.5,T,T
1829.2,409.3,1841,421.9,T,T
2295,2021,2277,2004,T,T
1065.1,1152.3,1067.8,1219.9,T,T
1721.4,511.7,1749.5,523.6,T,T
2183.7,2142.8,2166.5,2110.3,T,T
2635.1,1687,2645.4,1642,T,T
1366.4,899.6,1370.6,878.2,T,T
812.9,1454.8,798.1,1450.1,T,T
2557.2,1741.6,2561,1753,T,T
1634.8,640.5,1600,640.9,T,T
2066.2,2203.4,2140.4,2210.4,T,T
1721.9,535.6,1732.2,536.1,T,T
2140.1,2184.1,2112.2,2189.3,T,T
1206.6,1098.5,1207,1019,T,T
1721.9,535.6,1675.7,598.7,T,T
2284.6,2030.2,2295,2021,T,T
1086.6,1151.6,1145.6,1151.6,T,T
2276.5,2045.9,2284.6,2030.2,T,T
1046,1229.8,1046.7,1218.9,T,T
1749.5,523.6,1732.2,536.1,T,T
1851.4,385,1922.5,385.4,T,T
3425.9,906.5,3440.2,869,T,T
1841,464.3,1810,431.5,T,T
1417.7,880.4,1370.6,878.2,T,T
1515,644.3,1510.4,877.4,T,T
2284.6,2030.2,2294.2,2036.6,T,T
1290.8,955,1289.1,1014.7,T,T
1067.8,1219.9,1046.7,1218.9,T,T
1345.2,965.2,1342.9,899.9,T,T
1756,509,1757.1,531.2,T,T
1151.9,1133.1,1141.7,1133.1,T,T
1749.5,523.6,1757.1,531.2,T,T
1635.2,625.6,1675.4,626,T,T
2276.5,2045.9,2261.1,2075.6,T,T
2167.4,2168.2,2140.1,2184.1,T,T
1046,1229.8,1046.3,1243,T,T
2183.7,2142.8,2179.9,2155.2,T,T
1282.2,968.5,1281.2,1035.8,T,T
1086.6,1151.6,1087.6,1242,T,T
1910.3,358.5,1939.5,358.5,T,T
2495.7,1846.2,2479.2,1842.8,T,T
1227.8,1097.2,1228.7,1018.3,T,T
2167.4,2168.2,2179.9,2155.2,T,T
2157.1,65.9,2153.4,197.5,T,T
1067.4,1242.7,1046.7,1218.9,T,T
1366.3,943.2,1366.4,899.6,T,T
1675.4,626,1675.7,598.7,F,F
2301.2,2042.6,2294.2,2036.6,T,T
1417.1,899.9,1366.4,899.6,T,T
1067.4,1242.7,1046,1229.8,T,T
2561,1753,2517.1,1851.5,T,T
2140.1,2184.1,2182.6,2181.6,T,T
2620.5,1746,2635.1,1687,T,T
1634.8,640.5,1676.9,641.3,T,T
1067.4,1242.7,1067.8,1219.9,T,T
1067.4,1242.7,1046.3,1243,T,T
2167.4,2168.2,2182.6,2181.6,T,T
1730.7,607.2,1732.2,536.1,T,T
1429.6,880.9,1417.7,880.4,T,T
3388.3,985.3,3425.9,906.5,T,T
2183.7,2142.8,2200.4,2180.6,T,T
1730.7,607.2,1675.7,598.7,T,T
2495.7,1846.2,2517.1,1851.5,T,T
2689.3,1700,2635.1,1687,T,T
1675.4,626,1676.9,641.3,T,T
1203.7,1133.1,1151.9,1133.1,T,T
1922.5,385.4,1935,385,T,T
2135.6,1969.9,2299.9,2320.7,T,T
1922.5,385.4,1931.4,393.2,T,T
1289.1,1014.7,1287.8,1040.8,T,T
1804.6,437.9,1804.7,585.9,T,T
1841,421.9,1912.1,462.5,T,T
1067.4,1242.7,1087.6,1242,T,T
1206.6,1098.5,1203.7,1133.1,T,T
1417.1,899.9,1428,899.3,T,T
1931.4,393.2,1935,385,T,T
1989.3,359.6,1939.5,358.5,T,T
1145.6,1151.6,1198.4,1151.6,T,T
2182.6,2181.6,2200.4,2180.6,T,T
1675.4,626,1723.6,626,T,T
2261.1,2075.6,2269,2142,T,T
2620.5,1746,2615.6,1769.8,T,T
2125.5,2254,2115.7,2260.5,T,T
2689.3,1700,2620.5,1746,T,T
1759.3,612.4,1757.1,531.2,T,T
1424.7,907.8,1428,899.3,T,T
2340.5,2076.5,2301.2,2042.6,T,T
1429.6,880.9,1480.1,881.1,T,T
2469.7,1928.4,2467.4,1902,T,T
2212.4,2205,2140.4,2210.4,T,T
1841,464.3,1912.1,462.5,T,T
1721.4,641.5,1676.9,641.3,T,T
1087.6,1242,1110.3,1241.7,T,T
3388.3,985.3,3366.6,1037.3,T,T
2125.5,2254,2142.8,2254.8,T,T
2477.7,1931.8,2517.1,1851.5,T,T
3262.7,1287.4,2997.9,1230.8,T,T
2505.2,1906.5,2517.1,1851.5,T,T
812.9,1454.8,927.6,1492.2,T,T
1203.7,1133.1,1198.4,1151.6,T,T
1227.8,1097.2,1228.1,1135.4,T,T
1287.5,1073.1,1287.8,1040.8,T,T
1281.2,1035.8,1279.2,1099.8,T,T
1364.6,1023.8,1366.3,943.2,T,T
1931.4,393.2,1912.1,462.5,T,T
1841,464.3,1912.8,481.5,T,T
2261.1,2075.6,2268.9,2189.3,T,T
1228.1,1135.4,1203.7,1133.1,T,T
2212.4,2205,2200.4,2180.6,T,T
1480.9,862.8,1480.1,881.1,T,T
2615.6,1769.8,2615,1802.2,T,T
1730.7,607.2,1743.5,626.1,T,T
2309,2084,2328,2083,T,T
1480.9,900.8,1428,899.3,T,T
1345.2,965.2,1340.9,1059.2,T,T
2477.7,1931.8,2469.7,1928.4,T,T
1721.4,641.5,1723.6,626,T,T
1989.3,359.6,2003.9,359.6,T,T
1423.4,961.9,1424.7,907.8,T,T
1743.5,626.1,1723.6,626,T,T
1838.8,532.8,1827.5,522,T,T
2722.3,1710.2,2689.3,1700,T,T
2142.8,2254.8,2168.8,2255.9,T,T
1225.5,1154.6,1198.4,1151.6,T,T
2689.3,1700,2671.4,1769.8,T,T
1110.3,1241.7,1141,1242,T,T
1287.5,1094.2,1287.5,1073.1,T,T
3366.6,1037.3,3356.9,1077.8,T,T
1228.1,1135.4,1225.5,1154.6,T,T
1480.9,900.8,1480.1,881.1,T,T
2363.8,2056.4,2368.4,2051.8,T,T
1935,385,2039.1,385.1,T,T
2595.3,1876.6,2517.1,1851.5,T,T
1906,533.9,1841,464.3,T,T
1838.8,532.8,1828,549.1,T,T
1480.1,881.1,1510.4,877.4,T,T
2615,1802.2,2626,1802,T,T
1757.1,624.3,1743.5,626.1,T,T
947.9,1300.4,1198,1304.9,T,T
2328,2083,2343,2094,T,T
1759.3,612.4,1757.1,624.3,T,T
2299,2139,2269,2142,T,T
2340.5,2076.5,2350.7,2083.2,T,T
1922.1,461.8,1912.1,462.5,T,T
1721.4,641.5,1721,675,T,T
1935,443.6,1944.6,436.8,T,T
1721.4,641.5,1756.1,642,T,T
2038.6,359.6,2003.9,359.6,T,T
700.4,1571.9,825.5,1663.3,T,T
2505.2,1906.5,2487.6,1959.2,T,T
1935,443.6,1922.1,461.8,T,T
1838.8,532.8,1912.8,481.5,T,T
1944.6,436.8,1947,438,T,T
1912.8,481.5,1912.1,462.5,T,T
1958.5,432.5,1944.6,436.8,T,T
2268.9,2189.3,2269,2142,T,T
2605,1847.9,2615,1802.2,T,T
1151.6,1242.3,1141,1242,T,T
2363.8,2056.4,2382.2,2070.9,T,T
1228.1,1135.4,1277.9,1137.1,T,T
1757.1,624.3,1756.1,642,T,T
2212.4,2205,2268.9,2189.3,T,T
2212.4,2205,2224.8,2233.2,T,T
2343,2094,2299,2139,T,T
1828,549.1,1816.4,590.6,T,T
1521.7,877.9,1510.4,877.4,T,T
2350.7,2083.2,2365.2,2084,T,T
1198.1,1241.7,1198.4,1151.6,T,T
2207.8,2253.2,2168.8,2255.9,T,T
1480.9,900.8,1511,899.3,T,T
1277.9,1137.1,1279.2,1099.8,T,T
2671.4,1769.8,2678.2,1771.2,T,T
1816.4,590.6,1804.7,585.9,T,T
1511,899.3,1510.4,877.4,T,T
1423.4,961.9,1455,959,T,T
1226.1,1195.2,1225.5,1154.6,T,T
1287.5,1094.2,1286.8,1137.8,T,T
965.8,1394.4,1050.1,1395.5,T,T
2431,2019.6,2382.2,2070.9,T,T
1912.8,481.5,1933.6,479.8,T,T
2365.2,2084,2376.2,2077.9,T,T
1958.5,432.5,1984.6,433.2,T,T
1761.5,650.8,1756.1,642,T,T
1838.8,532.8,1906,533.9,T,T
2376.2,2077.9,2382.2,2070.9,T,T
1808.6,623.8,1757.1,624.3,T,T
1521.7,877.9,1528.2,889.7,T,T
2605,1847.9,2609,1856.2,T,T
2038.6,359.6,2039.1,385.1,T,T
1808.6,623.8,1804.7,585.9,T,T
2372.6,2098.8,2365.2,2084,T,T
3356.3,1129.9,3356.9,1077.8,T,T
2460.8,2016.9,2487.6,1959.2,T,T
1721,675,1720.3,716.1,T,T
1151.6,1242.3,1198.1,1241.7,T,T
2038.6,359.6,2079.2,356.4,T,T
1298,1155,1225.5,1154.6,T,T
1521.7,877.9,1557.5,877.9,T,T
1423.4,961.9,1423,1026.6,T,T
2231.3,2242.9,2224.8,2233.2,T,T
1602.5,827.2,1605,803.6,T,T
2231.3,2242.9,2207.8,2253.2,T,T
1808.6,623.8,1816.4,590.6,T,T
1277.9,1137.1,1286.8,1137.8,T,T
2609,1856.2,2595.3,1876.6,T,T
986.6,1413.9,964.8,1477.9,T,T
1805.3,640.6,1756.1,642,T,T
1340.2,1104.1,1340.9,1059.2,T,T
1537.1,900,1511,899.3,T,T
1944.9,490.6,1933.6,479.8,T,T
920.3,1513.3,927.6,1492.2,T,T
893.4,1517.3,919,1525,T,T
2333.3,2158.7,2268.9,2189.3,T,T
1528.2,889.7,1537.1,900,T,T
1918.4,543.1,1912.8,481.5,T,T
1706,715,1720.3,716.1,T,T
941.9,1496.7,927.6,1492.2,T,T
1761.4,684.4,1761.5,650.8,T,T
2569,1902,2591,1892,T,T
2281.1,2215.8,2268.9,2189.3,T,T
2591,1892,2595.3,1876.6,T,T
2154.8,357.1,2153.4,197.5,T,T
2609,1856.2,2633,1861,T,T
1919,2566.9,1947,2527.7,T,T
1602.5,827.2,1557.5,877.9,T,T
1808.6,623.8,1811.3,626.3,T,T
2004.2,448.6,1984.6,433.2,T,T
2609,1856.2,2643.4,1857.7,T,T
1225.5,1154.6,1336.8,1155.4,T,T
1721,675,1762.1,716.5,T,T
2678.2,1771.2,2659.5,1861.2,T,T
1944.9,490.6,1954.1,485.2,T,T
2372.6,2098.8,2386.9,2114.1,T,T
986.6,1413.9,1061.5,1415.2,T,T
2460.8,2016.9,2429.2,2066.4,T,T
920.3,1513.3,919,1525,T,T
1805.3,640.6,1808.6,623.8,T,T
2590,1902,2591,1892,T,T
1480.9,900.8,1479,1025,T,T
2079.2,385.1,2039.1,385.1,T,T
941.9,1496.7,936.3,1514,T,T
2231.3,2242.9,2285.4,2226.1,T,T
1227.1,1242,1226.1,1195.2,T,T
1364.6,1023.8,1364.6,1137.5,T,T
1954.1,485.2,1981.2,472.8,T,T
2060.8,408.9,2039.1,385.1,T,T
1720.3,716.1,1720.3,738.6,T,T
2548,1972,2569,1902,T,T
2333.3,2158.7,2386.9,2114.1,T,T
1338.3,1135.1,1286.8,1137.8,T,T
2643.4,1857.7,2633,1861,T,T
2079.2,385.1,2079.2,356.4,T,T
2429.2,2066.4,2386.9,2114.1,T,T
2004.2,448.6,1989.2,459.7,T,T
1906,533.9,1918.4,543.1,T,T
1976,2547.1,1947,2527.7,T,T
1989.2,459.7,1981.2,472.8,T,T
934.3,1520.1,936.3,1514,T,T
1298,1155,1298,1156,T,T
1068.3,1395.5,1050.1,1395.5,T,T
1227.1,1242,1198.1,1241.7,T,T
1811.3,626.3,1845.3,626,T,T
3356.3,1129.9,3365.1,1156.7,T,T
2281.1,2215.8,2285.4,2226.1,T,T
936.3,1514,944.1,1518.6,T,T
1762.1,716.5,1720.3,716.1,T,T
1340.2,1104.1,1338.3,1135.1,T,T
1610,878.2,1557.5,877.9,T,T
2621,1904,2633,1861,T,T
1761.4,684.4,1762.1,716.5,T,T
1761.4,684.4,1792.8,685.5,T,T
2131,358,2079.2,356.4,T,T
2643.4,1857.7,2659.5,1861.2,T,T
1805.3,640.6,1804.7,675.8,T,T
2013.9,463.2,1989.2,459.7,T,T
2004.2,448.6,2013.9,463.2,T,T
2079.2,385.1,2060.8,408.9,T,T
1925.5,549.1,1918.4,543.1,T,T
2535,1979,2548,1972,T,T
934.3,1520.1,935.8,1549,T,T
2404.5,2133.1,2386.9,2114.1,F,F
1227.1,1242,1230.1,1244.7,T,T
961.2,1520.2,944.1,1518.6,T,T
1298,1155,1336.8,1155.4,T,T
1511,899.3,1508.1,1029.2,T,T
2307,2225,2285.4,2226.1,T,T
1961.1,2566.6,1976,2547.1,T,T
2231.3,2242.9,2263.7,2314.7,T,T
1804.7,675.8,1792.8,685.5,T,T
1697.1,858.2,1605,803.6,T,T
2061.3,433.8,2060.8,408.9,T,T
1338.3,1135.1,1336.8,1155.4,T,T
2079.2,385.1,2119.2,385.6,T,T
941.9,1496.7,1009.5,1523.8,T,T
1458,1033,1455,1026,T,T
1338.3,1135.1,1364.6,1137.5,T,T
1720.3,798.2,1720.3,738.6,T,T
2508,2056,2535,1979,T,T
936.8,1562.1,935.8,1549,T,T
1480.9,900.8,1477.8,1124,T,T
949.2,1551.5,935.8,1549,T,T
1092.1,1416.5,1061.5,1415.2,T,T
1458,1033,1453,1042,T,T
2411,2141,2404.5,2133.1,T,T
2561,2015,2535,1979,T,T
2352,2206,2307,2225,T,T
1458,1033,1479,1025,T,T
2002.8,2567.6,1976,2547.1,T,T
1537.1,900,1663.9,900,T,T
2154.8,357.1,2131,358,T,T
1068.3,1395.5,1142.4,1397.4,T,T
2013.9,463.2,2060.3,466.1,T,T
1820.4,706.6,1792.8,685.5,T,T
1907.7,626,1845.3,626,T,T
2548,1972,2574,2007,T,T
1820.4,706.6,1804.7,675.8,T,T
997.5,1530.6,961.2,1520.2,T,T
1360.3,1156.7,1336.8,1155.4,T,T
1720.3,738.6,1761.7,791.5,T,T
1805.3,640.6,1926.5,640.6,T,T
1423.6,1139.7,1423,1026.6,T,T
1085.5,1421.2,1092.1,1416.5,T,T
2136.6,357.1,2136.2,385.3,T,T
953.7,1564.1,936.8,1562.1,T,T
3365.1,1156.7,3380.1,1213.1,T,T
949.2,1551.5,963.1,1555.5,T,T
1360.3,1156.7,1364.6,1137.5,T,T
2061.3,433.8,2060.3,466.1,T,T
825.5,1663.3,857.4,1675.9,T,T
2316.8,2289.5,2285.4,2226.1,T,T
1792.8,752.6,1792.8,685.5,T,T
2119.2,385.6,2136.2,385.3,T,T
1925.5,549.1,1926.5,626.5,T,T
2061.3,433.8,2080.7,452.2,T,T
2726.1,1879.2,2659.5,1861.2,T,T
1762.1,716.5,1761.7,791.5,T,T
1225.3,1304.9,1198,1304.9,T,T
1061.5,1415.2,1061.5,1497,T,T
2443,2136,2411,2141,T,T
953.7,1564.1,953.8,1567.1,T,T
960.1,1565.8,953.7,1564.1,T,T
1697.1,858.2,1610,878.2,T,T
1969.6,2592.4,1978.4,2599.1,T,T
1925.5,549.1,1974.2,596.7,T,T
2415,2169,2352,2206,T,T
2263.7,2314.7,2276.8,2292.2,T,T
1410.6,1138.1,1364.6,1137.5,T,T
2291.3,2286.7,2276.8,2292.2,T,T
1084.6,1461,1085.5,1421.2,T,T
2002.8,2567.6,1978.4,2599.1,T,T
3262.7,1287.4,3307.5,1291.8,T,T
975.7,1559.6,963.1,1555.5,T,T
1335.7,1244.4,1230.1,1244.7,T,T
1085.5,1421.2,1084.6,1465,T,T
1360.4,1164.8,1368.3,1164.8,T,T
1134.1,1416.2,1092.1,1416.5,T,T
2060.3,472.2,2060.3,466.1,T,T
2164.3,384.6,2154.8,357.1,T,T
2561,2015,2574,2007,T,T
941.6,1622.2,936.8,1562.1,T,T
1961.5,2621.7,1978.4,2599.1,T,T
2080.7,452.2,2060.3,472.2,T,T
960.1,1565.8,972.8,1568.2,T,T
2443,2136,2415,2169,T,T
2164.3,384.6,2136.2,385.3,T,T
1720.3,798.2,1711.4,841.5,T,T
1238,1303.5,1225.3,1304.9,T,T
1335.7,1244.4,1336.8,1155.4,T,T
1537.1,900,1617.8,1020,T,T
2508,2056,2553,2058,T,T
1992.2,2608.3,1978.4,2599.1,T,T
1360.3,1156.7,1409,1156,T,T
2480,2135,2508,2056,T,T
2264.9,2337.6,2263.7,2314.7,T,T
1907.7,626,1926.5,626.5,T,T
2316.8,2289.5,2291.3,2286.7,T,T
975.7,1559.6,990.9,1564.6,T,T
2553,2058,2561,2015,T,T
2415,2169,2424,2180,T,T
1537.1,900,1668.5,987.5,T,T
978.5,1573.7,972.8,1568.2,T,T
1820.4,706.6,1840.6,726.6,T,T
1201.4,1391.1,1198,1304.9,T,T
2575,2040,2561,2015,T,T
2480,2135,2443,2136,T,T
1974.7,556.1,1974.2,596.7,T,T
1163.4,1397.9,1142.4,1397.4,T,T
1084.6,1461,1095,1461,T,T
2060.3,472.2,2059.2,510.7,T,T
886.9,1684.1,857.4,1675.9,T,T
1477.8,1124,1479,1025,T,T
1697.1,858.2,1711.4,841.5,T,T
1360.3,1156.7,1361.1,1233.3,T,T
1423.6,1139.7,1410.6,1138.1,T,T
2178.5,384.7,2164.3,384.6,T,T
997.5,1530.6,1039.7,1547.1,T,T
3852.9,558.5,3994.8,809.2,T,T
2415,2169,2469,2162,T,T
1926.5,626.5,1926.5,640.6,T,T
978.7,1594,978.5,1573.7,T,T
1368.3,1164.8,1367.3,1227.1,T,T
2726.1,1879.2,2724,1896,T,T
2002.8,2567.6,2051.3,2604.4,T,T
2575,2040,2553,2058,T,T
1409,1159,1409,1156,T,T
2276.2,2351.7,2264.9,2337.6,T,T
2178.5,384.7,2178.5,392.2,T,T
1008.7,1570.7,990.9,1564.6,T,T
1792.8,752.6,1791.6,804,T,T
1238,1303.5,1297.7,1303.8,T,T
2316.8,2289.5,2331.1,2301.7,T,T
1360.3,1156.7,1470.7,1156.7,T,T
1134.1,1416.2,1179,1416,T,T
1188.6,1398.3,1163.4,1397.9,T,T
1224.8,1393.7,1225.3,1304.9,T,T
926.5,1658.5,941.6,1622.2,T,T
1791.6,804,1761.7,791.5,T,T
1084.6,1461,1083.9,1521.1,T,T
3379.5,1273.9,3380.1,1213.1,T,T
2469,2162,2480,2135,T,T
1083.9,1521.1,1084.6,1465,T,T
3379.5,1273.9,3307.5,1291.8,T,T
2726.1,1879.2,2715,1932.4,T,T
886.9,1684.1,908.8,1678,T,T
1760.9,846.2,1761.7,791.5,T,T
886.9,1684.1,902.5,1687.4,T,T
1697.1,858.2,1760.9,846.2,T,T
2061,531.8,2059.2,510.7,T,T
2276.2,2351.7,2262.3,2367.9,T,T
2059.2,510.7,2072.1,521.5,T,T
2256.4,2375.7,2262.3,2367.9,T,T
1134.1,1416.2,1200,1415.7,T,T
1506.5,1125.6,1508.1,1029.2,T,T
2256.4,2375.7,2249.8,2384.5,T,T
2424,2180,2397,2266,T,T
1088.7,1551.4,1009.5,1523.8,T,T
1469.7,1141.3,1423.6,1139.7,T,T
926.5,1658.5,919.7,1670.4,T,T
2240.1,2397.2,2249.8,2384.5,T,T
2276.2,2351.7,2270.6,2373.1,T,T
908.8,1678,919.7,1670.4,T,T
2262.3,2367.9,2270.6,2373.1,T,T
1201.4,1391.1,1188.6,1398.3,T,T
1335.7,1244.4,1336,1264.4,T,T
1008.7,1570.7,1024.1,1576.4,T,T
926.5,1658.5,928,1670.8,T,T
2256.4,2375.7,2265.7,2381.6,T,T
1452,1120,1469.7,1141.3,T,T
1974.2,596.7,1996.9,616.2,T,T
1697.1,858.2,1718.9,910.7,T,T
2061,531.8,2072.1,521.5,T,T
2278.2,2377.1,2276.2,2351.7,T,T
1361.4,1246.9,1335.7,1244.4,T,T
2336.8,2315.1,2331.1,2301.7,T,T
2249.8,2384.5,2260.5,2391.3,T,T
1858.3,787.3,1792.8,752.6,T,T
1179,1418,1179,1416,T,T
1470.7,1156.7,1409,1156,T,T
1718.9,910.7,1663.9,900,T,T
2265.7,2381.6,2270.6,2373.1,T,T
1987.8,641.2,1926.5,640.6,T,T
2240.1,2397.2,2252.8,2404.4,T,T
2276.2,2351.7,2287.3,2379.5,T,T
1790.7,815.4,1791.6,804,T,T
1361.4,1246.9,1361.1,1233.3,T,T
2724,1896,2778,1900,T,T
2278.2,2377.1,2270.6,2373.1,T,T
2265.7,2381.6,2260.5,2391.3,T,T
2178.5,392.2,2227.5,405.4,T,T
1923.1,713.9,1926.5,640.6,T,T
2023.4,630.3,1926.5,626.5,T,T
1201.4,1391.1,1200,1415.7,T,T
2445,2229,2469,2162,T,T
2297.1,2380.9,2276.2,2351.7,T,T
3307.5,1291.8,3419,1288,T,T
1200,1415.7,1179,1416,T,T
1201.4,1391.1,1224.8,1393.7,T,T
2061,531.8,2059.2,560.5,T,T
1469.7,1141.3,1477.8,1124,T,T
928,1670.8,932.6,1680.6,T,T
2275.3,2386.8,2265.7,2381.6,T,T
2252.8,2404.4,2260.5,2391.3,T,T
2101,520,2072.1,521.5,T,T
2276.2,2351.7,2307.3,2380.3,T,T
2024,585.9,2037,572.4,T,T
941.7,1688.6,902.5,1687.4,T,T
2275.3,2386.8,2278.2,2377.1,T,T
2336.8,2315.1,2337.4,2328,T,T
1024.1,1576.4,1038.4,1582.4,T,T
1335.6,1284.9,1336,1264.4,T,T
2240.1,2397.2,2265.4,2417.1,T,T
2031.5,2632,2051.3,2604.4,T,T
1878.4,779.2,1840.6,726.6,T,T
1039.7,1547.1,1071.6,1565.4,T,T
2260.5,2391.3,2272.1,2396.8,T,T
2278.2,2377.1,2287.3,2379.5,T,T
2276.2,2351.7,2315.3,2378.9,T,T
2553,2058,2594,2117,T,T
2059.2,560.5,2037,572.4,T,T
1408.5,1227.1,1367.3,1227.1,T,T
2024,585.9,2017.5,604.3,T,T
1790.7,815.4,1791.2,834.4,T,T
1760.9,846.2,1791.2,834.4,T,T
1061.5,1598.4,978.7,1594,T,T
2276.2,2351.7,2324.6,2376,T,T
1506.5,1125.6,1477.8,1124,T,T
2275.3,2386.8,2272.1,2396.8,T,T
2276.2,2351.7,2332.4,2370.9,T,T
1996.9,616.2,2017.5,604.3,T,T
1361.4,1246.9,1360.4,1267.7,T,T
1469.7,1141.3,1470.7,1156.7,T,T
2276.2,2351.7,2340.6,2365.8,T,T
2252.8,2404.4,2266.5,2410.6,T,T
2275.3,2386.8,2286.2,2389.2,T,T
1335.9,1304.4,1297.7,1303.8,T,T
2145,451,2136,509.3,T,T
941.7,1688.6,932.6,1680.6,T,T
2252.8,2404.4,2265.4,2417.1,T,T
1828,820.8,1791.6,804,T,T
926.5,1658.5,1002.3,1658.5,T,T
2286.2,2389.2,2287.3,2379.5,T,T
2297.1,2380.9,2337.4,2328,T,T
2297.1,2380.9,2287.3,2379.5,T,T
2726.1,1879.2,2845,1895,T,T
2266.5,2410.6,2272.1,2396.8,T,T
1218.7,1417.6,1200,1415.7,T,T
2101,520,2112.8,520,T,T
1218.7,1417.6,1224.8,1393.7,T,T
2337.4,2328,2359.1,2327.8,T,T
2307.3,2380.3,2337.4,2328,T,T
2284.2,2400.4,2272.1,2396.8,T,T
2397,2266,2389,2301,T,T
1335.9,1304.4,1335.6,1284.9,T,T
2145,451,2159.6,505.4,T,T
2358.6,2334.3,2337.4,2328,T,T
1408.5,1246,1361.4,1246.9,T,T
2265.4,2417.1,2266.5,2410.6,T,T
2315.3,2378.9,2337.4,2328,T,T
3379.5,1273.9,3419,1288,T,T
2286.2,2389.2,2284.2,2400.4,T,T
1408.5,1227.1,1408,1222,T,T
1760.9,846.2,1760.7,898.6,T,T
1923.1,713.9,1987.8,641.2,T,T
2082,2626,2051.3,2604.4,T,T
2286.2,2389.2,2296.9,2390.6,T,T
2023.4,630.3,1996.9,616.2,T,T
1056.9,1590,1038.4,1582.4,T,T
2337.4,2328,2356.2,2341.6,T,T
2297.1,2380.9,2307.3,2380.3,T,T
2297.1,2380.9,2296.9,2390.6,T,T
2337.4,2328,2324.6,2376,T,T
1791,854.3,1791.2,834.4,T,T
2352.8,2349.9,2337.4,2328,T,T
2332.4,2370.9,2337.4,2328,T,T
2059.2,560.5,2023.4,630.3,T,T
2121.7,520,2112.8,520,T,T
1828,820.8,1791.2,834.4,T,T
2347.9,2358,2337.4,2328,T,T
1360.4,1267.7,1360,1287.5,T,T
2340.6,2365.8,2337.4,2328,T,T
2112.2,531.2,2112.8,520,T,T
2281.3,2414.7,2266.5,2410.6,T,T
1088.7,1551.4,1071.6,1565.4,T,T
2007.7,641.7,1987.8,641.2,T,T
2690,2072,2575,2040,T,T
2358.6,2334.3,2359.1,2327.8,T,T
1987.8,641.2,1997.4,656.8,T,T
2281.3,2414.7,2284.2,2400.4,T,T
1056.9,1590,1071.6,1565.4,T,T
1617.8,1020,1641.7,1004.7,T,T
2307.3,2380.3,2315.3,2378.9,T,T
2121.7,520,2136,509.3,T,T
1335.9,1304.4,1336.7,1310.4,T,T
2296.3,2402.1,2284.2,2400.4,T,T
1219,1432,1218.7,1417.6,T,T
2368.8,2328.4,2359.1,2327.8,T,T
2307.6,2390.3,2307.3,2380.3,T,T
2307.6,2390.3,2296.9,2390.6,T,T
1718.9,910.7,1760.7,898.6,T,T
2296.3,2402.1,2296.9,2390.6,T,T
2059.2,560.5,2060.2,610.8,T,T
1408.5,1246,1408.5,1227.1,F,F
1901.6,730.4,1921.7,739.1,T,T
2279.3,2428.2,2265.4,2417.1,T,T
2358.6,2334.3,2356.2,2341.6,T,T
2228.7,435.1,2227.5,405.4,T,T
1923.1,713.9,1921.7,739.1,T,T
2315.3,2378.9,2324.6,2376,T,T
1088.7,1551.4,1105.7,1554.6,T,T
1470.7,1156.7,1505.6,1167.7,T,T
2257.8,410.7,2227.5,405.4,T,T
2358.6,2334.3,2368.2,2336.5,T,T
1056.9,1590,1061,1593.1,T,T
2113.8,544.8,2112.2,531.2,T,T
1668.5,987.5,1641.7,1004.7,T,T
2420,2305,2445,2229,T,T
1002.3,1658.5,1002.1,1641.5,T,T
2315.3,2378.9,2317.6,2388.6,T,T
2352.8,2349.9,2356.2,2341.6,T,T
1506.5,1125.6,1505.6,1167.7,T,T
2368.2,2336.5,2368.8,2328.4,T,T
1506.5,1125.6,1549.2,1125.1,T,T
1219,1432,1223,1432,T,T
2281.3,2414.7,2279.3,2428.2,T,T
1250,1421,1218.7,1417.6,T,T
2307.6,2390.3,2317.6,2388.6,T,T
1335.9,1304.4,1362.6,1305.2,T,T
2332.4,2370.9,2324.6,2376,T,T
2389,2301,2385,2330.1,T,T
1758.2,922.2,1718.9,910.7,T,T
1858.3,787.3,1854,810.5,T,T
2307.6,2390.3,2308.9,2401.6,T,T
2296,2416.2,2281.3,2414.7,T,T
2347.9,2358,2352.8,2349.9,T,T
2356.2,2341.6,2365.7,2344.7,T,T
2308.9,2401.6,2296.3,2402.1,T,T
1828,820.8,1854,810.5,T,T
2340.6,2365.8,2332.4,2370.9,T,T
2296,2416.2,2296.3,2402.1,T,T
1061.5,1598.4,1061,1593.1,T,T
1632.8,1045,1617.8,1020,T,T
2159.6,510,2136,509.3,T,T
1360,1287.5,1362.6,1305.2,T,T
2347.9,2358,2340.6,2365.8,T,T
2385,2330.1,2368.8,2328.4,T,T
1921.7,739.1,1878.4,779.2,T,T
2328.6,2384.7,2324.6,2376,T,T
1455.9,1227.6,1408.5,1227.1,T,T
2368.2,2336.5,2365.7,2344.7,T,T
2565,2139,2594,2117,T,T
1790.3,885,1791,854.3,T,T
1878.4,779.2,1854,810.5,T,T
2352.8,2349.9,2361.3,2354.2,T,T
2565,2139,2517,2197,T,T
2328.6,2384.7,2317.6,2388.6,T,T
1655,1022.9,1641.7,1004.7,T,T
2338.1,2379.4,2332.4,2370.9,T,T
1472.4,1226.8,1470.7,1156.7,T,T
1740,957.2,1718.9,910.7,T,T
2347.9,2358,2355.1,2363.4,T,T
2346.8,2372.3,2340.6,2365.8,T,T
2383.6,2338.3,2368.2,2336.5,T,T
2321.2,2399.1,2317.6,2388.6,T,T
2365.7,2344.7,2361.3,2354.2,T,T
1219,1460,1219,1432,T,T
2279.3,2428.2,2285.9,2433.9,T,T
2574,2151,2565,2139,T,T
1683.5,995,1668.5,987.5,T,T
2159.6,505.4,2159.6,510,T,T
1562.8,1111,1550.3,1110.4,T,T
1790.3,885,1760.7,898.6,T,T
2308.9,2401.6,2321.2,2399.1,T,T
2338.1,2379.4,2328.6,2384.7,T,T
3445.5,1277.7,3419,1288,T,T
1550.3,1110.4,1549.2,1125.1,T,T
2121.7,520,2177.1,519,T,T
1362.6,1305.2,1359.7,1310.4,T,T
2355.1,2363.4,2361.3,2354.2,T,T
1250,1421,1250,1417,T,T
1758.2,922.2,1760.7,898.6,T,T
2346.8,2372.3,2338.1,2379.4,T,T
1326.7,1394.8,1224.8,1393.7,T,T
2007.7,641.7,2038,652.5,T,T
2310.6,2416.1,2308.9,2401.6,T,T
2346.8,2372.3,2355.1,2363.4,T,T
2159.6,505.4,2168.5,507.9,T,T
2383.6,2338.3,2385,2330.1,T,T
2296,2416.2,2310.6,2416.1,T,T
2085.6,2645.4,2082,2626,T,T
2023.4,630.3,2048.3,641.1,T,T
2296,2416.2,2294.2,2434.1,T,T
2113.8,544.8,2129.6,557.5,T,T
2333.5,2394.9,2328.6,2384.7,T,T
2380.9,2350.5,2365.7,2344.7,T,T
1061,1641.3,1002.1,1641.5,T,T
1128.3,1562.5,1105.7,1554.6,T,T
2532,2201,2517,2197,T,T
2333.5,2394.9,2321.2,2399.1,T,T
2294.2,2434.1,2285.9,2433.9,T,T
1858.3,787.3,1899.4,808.7,T,T
2344,2388.4,2338.1,2379.4,T,T
1655,1022.9,1632.8,1045,T,T
1683.5,995,1655,1022.9,T,T
2277.9,2472.4,2250.2,2451.3,T,T
2364.4,2370.6,2355.1,2363.4,T,T
2383.6,2338.3,2380.9,2350.5,T,T
2257.8,410.7,2258.2,431.5,T,T
2257.8,410.7,2278.2,411.8,T,T
2346.8,2372.3,2354.6,2380.7,T,T
2285.9,2433.9,2294.6,2440.4,T,T
2378.3,2362.9,2361.3,2354.2,T,T
1218,1460,1223,1460,T,T
1562.8,1111,1562.2,1126.7,T,T
1061.5,1598.4,1061,1641.3,T,T
2324.6,2413.5,2321.2,2399.1,T,T
1219,1460,1223,1460,T,T
1791,854.3,1810.3,907.5,T,T
1562.2,1126.7,1549.2,1125.1,T,T
2333.5,2394.9,2344,2388.4,T,T
1878.4,779.2,1899.4,808.7,T,T
1921.7,798.6,1858.3,787.3,T,T
2294.2,2434.1,2294.6,2440.4,T,T
2060.2,610.8,2060.2,636.2,T,T
2310.6,2416.1,2324.6,2413.5,T,T
1408.5,1246,1469.4,1246.9,T,T
2344,2388.4,2354.6,2380.7,T,T
1336.7,1310.4,1336.5,1387.9,T,T
1899.4,808.7,1854,810.5,T,T
2364.4,2370.6,2354.6,2380.7,T,T
2908,1825,2913,1824,T,T
2517,2197,2509,2247,T,T
1455.9,1227.6,1455.6,1235.8,F,F
2378.3,2362.9,2380.9,2350.5,T,T
1575.8,1112.1,1562.2,1126.7,T,T
2310.6,2416.1,2312.3,2434.6,T,T
1921.7,798.6,1878.4,779.2,T,T
2338.7,2408.3,2333.5,2394.9,T,T
2312.3,2434.6,2294.2,2434.1,T,T
2258.2,431.5,2278.2,411.8,T,T
1940.1,779.7,1921.7,739.1,T,T
2168.5,507.9,2187.8,516.1,T,T
1921.7,798.6,1921.7,739.1,T,T
1197.7,1568.1,1200,1415.7,T,T
2898,1835,2909,1836,T,T
2909,1836,2908,1825,T,T
941.7,1688.6,1060.8,1691.8,T,T
2079.7,632.5,2060.2,610.8,T,T
1543.8,1167.4,1505.6,1167.7,T,T
1134.6,1583.6,1099.9,1566.8,T,T
1921.7,798.6,1854,810.5,T,T
1331.6,1416.8,1218.7,1417.6,T,T
1590.9,1107.2,1575.8,1112.1,T,T
2048.3,641.1,2060.2,636.2,T,T
2085.6,2645.4,2096.2,2657.4,T,T
2338.7,2408.3,2324.6,2413.5,T,T
2344,2388.4,2352.1,2400.9,T,T
2258.2,431.5,2258.2,442.5,T,T
2129.6,557.5,2115.3,588.6,T,T
1455.6,1235.8,1464,1236.3,F,F
2364.4,2370.6,2375.4,2379.2,T,T
1790.3,885,1790.3,927.5,T,T
3491,1275.6,3445.5,1277.7,T,T
1564.3,1141.3,1562.2,1126.7,T,T
2365.3,2391.6,2354.6,2380.7,T,T
2129.6,557.5,2145.7,564,T,T
1758.2,922.2,1790.3,927.5,T,T
2375.4,2379.2,2378.3,2362.9,T,T
1585,1125.6,1562.2,1126.7,T,T
2060.8,650.3,2048.3,641.1,T,T
2177.1,519,2187.8,516.1,T,T
2845,1895,2838,1920,T,T
2838,1920,2824,1916,T,T
2072.7,634.1,2060.2,636.2,T,T
1632.8,1045,1646.1,1079,T,T
2338.7,2408.3,2352.1,2400.9,T,T
2324.6,2413.5,2329.6,2432.3,T,T
2060.8,650.3,2060.2,636.2,T,T
1757.1,970.7,1758.2,922.2,T,T
2314.7,2454.6,2294.6,2440.4,T,T
2308.9,411.5,2278.2,411.8,T,T
2403,2378,2420,2305,T,T
2312.3,2434.6,2329.6,2432.3,T,T
1359.7,1383.9,1359.7,1310.4,T,T
2898,1878,2898,1835,T,T
2365.3,2391.6,2352.1,2400.9,T,T
1472.4,1226.8,1469.4,1246.9,T,T
1683.5,995,1730,1008.1,T,T
2072.7,634.1,2079.7,632.5,T,T
1250,1421,1331.6,1416.8,T,T
2312.3,2434.6,2314.7,2454.6,T,T
2346.8,2426,2338.7,2408.3,T,T
2845,1895,2889,1890,T,T
2079.7,632.5,2088,624,T,T
1128.3,1562.5,1161.6,1576,T,T
2277.9,2496.8,2277.9,2472.4,T,T
2375.4,2379.2,2371.5,2399.9,T,T
2266,464.3,2258.2,442.5,T,T
2096.2,2657.4,2110.7,2662.7,T,T
2365.3,2391.6,2371.5,2399.9,T,T
1756.7,978.6,1740,957.2,T,T
2293.3,2484.3,2277.9,2472.4,T,T
1790.3,927.5,1810.3,907.5,T,T
2352.1,2400.9,2363.1,2416.8,T,T
2346.8,2426,2329.6,2432.3,T,T
1940.1,779.7,1921.7,798.6,T,T
2115.3,588.6,2115,623.6,T,T
1470.3,1306.4,1362.6,1305.2,T,T
2277.9,2496.8,2270.3,2497.9,T,T
1326.7,1394.8,1334.1,1393,T,T
1334.1,1393,1336.5,1387.9,T,T
1590.9,1107.2,1647.8,1107.7,T,T
1061,1641.3,1060.8,1691.8,T,T
2346.8,2426,2363.1,2416.8,T,T
1216.3,1605.2,1218.7,1417.6,T,T
1790.3,927.5,1789.8,950.5,T,T
2314.7,2454.6,2324.2,2460.5,T,T
2889,1890,2898,1878,T,T
2511,2288,2509,2247,T,T
2251.4,505,2187.8,516.1,T,T
1699,1023,1730,1008.1,T,T
2277.9,2496.8,2277.9,2504.4,T,T
1757.1,970.7,1756.7,978.6,T,T
1940.1,779.7,1944.9,798.6,T,T
1790.3,927.5,1817.1,928.2,T,T
1817.1,928.2,1810.3,907.5,T,T
1967.7,778.6,1940.1,779.7,T,T
2371.5,2399.9,2368.1,2423.1,T,T
2277.9,2496.8,2293.3,2495.2,T,T
2338.2,2464,2329.6,2432.3,T,T
2293.3,2495.2,2293.3,2484.3,T,T
1899.4,808.7,1928.7,833.8,T,T
2121.4,2671.9,2110.7,2662.7,T,T
1756.7,978.6,1730,1008.1,T,T
3491,1275.6,3530,1272.8,T,T
1756.7,978.6,1789.8,950.5,T,T
2363.1,2416.8,2368.1,2423.1,T,T
1334.1,1393,1331.6,1416.8,T,T
1533,1246,1464,1236.3,T,T
1647.8,1107.7,1646.1,1079,T,T
2297.5,463.2,2308.9,411.5,T,T
1362.5,1392.7,1334.1,1393,T,T
1921.7,798.6,1928.7,833.8,T,T
1134.6,1583.6,1181.4,1586.1,T,T
3491,1275.6,3498,1317.2,T,T
1504.2,1307.5,1505.6,1167.7,T,T
2131.9,2649.3,2141.1,2658.8,T,T
2262.5,492.9,2266,464.3,T,T
2119.6,628.6,2115,623.6,T,T
2308.4,2497.6,2293.3,2484.3,T,T
2095,702.9,2038,652.5,T,T
2346.8,2426,2359.7,2452.8,T,T
1967.7,778.6,1944.9,798.6,T,T
3945.2,852.9,3959.5,828.8,T,T
2128.3,2665.2,2121.4,2671.9,T,T
2338.2,2464,2324.2,2460.5,T,T
2135.3,612.2,2119.6,628.6,T,T
2131.9,2649.3,2147.4,2662.4,T,T
3959.5,828.8,3994.8,809.2,T,T
2308.4,2497.6,2293.3,2495.2,T,T
1362.5,1392.7,1359.7,1383.9,T,T
2136.8,2664.5,2128.3,2665.2,T,T
2368.1,2423.1,2365.3,2439,T,T
2898,1878,2942,1877,T,T
1756.7,978.6,1755.3,1010.7,T,T
2293.6,2515.2,2293.3,2495.2,T,T
1585,1125.6,1666.4,1125.4,T,T
1197.7,1568.1,1161.6,1576,T,T
1755.3,1010.7,1730,1008.1,T,T
2136.8,2664.5,2141.1,2658.8,T,T
1161.6,1576,1181.4,1586.1,T,T
1928.7,833.8,1944.9,798.6,T,T
2072.7,634.1,2115,685.7,T,T
2522,2285,2511,2288,T,T
2251.4,505,2262.5,492.9,T,T
2107.5,692.5,2060.8,650.3,T,T
2134.4,2680.3,2121.4,2671.9,T,T
2141.1,2658.8,2147.4,2662.4,T,T
2131.9,2649.3,2167.7,2662.7,T,T
2262.5,492.9,2297.5,463.2,T,T
1564.3,1141.3,1564.8,1246.4,T,T
1362.5,1392.7,1367.8,1396,T,T
2338.2,2464,2351.4,2461.8,T,T
2838,1920,2798,2059,T,T
2359.7,2452.8,2365.3,2439,T,T
1355.4,1417.6,1331.6,1416.8,T,T
2135.3,612.2,2150.3,626.1,T,T
1662.4,1107.7,1647.8,1107.7,T,T
1754.2,1034,1730,1008.1,T,T
1852.9,928.6,1817.1,928.2,T,T
1362.5,1392.7,1355.4,1417.6,T,T
2134.4,2680.3,2147.4,2662.4,T,T
2395,2448,2403,2378,T,T
2351.4,2461.8,2359.7,2452.8,T,T
3945.2,852.9,3949.1,879.5,T,T
3530,1272.8,3563.3,1259.8,T,T
1789.8,950.5,1787.1,1003.6,T,T
1060.8,1691.8,1087.2,1691.8,T,T
2942,1877,2942,1866,T,T
2141.1,2658.8,2167.7,2662.7,T,T
2129.5,2687.1,2134.4,2680.3,T,T
1827.1,964.7,1817.1,928.2,T,T
2297.5,463.2,2292.8,484,T,T
1978.9,815.4,1944.9,798.6,T,T
1845,914,1852.9,928.6,T,T
2857,2000,2889,1890,T,T
1536,1226,1533,1246,T,T
2306.8,2525.2,2308.4,2497.6,T,T
2308.4,2497.6,2323.9,2508.7,T,T
2147.4,2662.4,2167.7,2662.7,T,T
2780,2099,2690,2072,T,T
2338.2,2464,2353.6,2489.5,T,T
1331.3,1472.3,1331.6,1416.8,T,T
1755.3,1010.7,1754.2,1034,T,T
1932.8,860.4,1928.7,833.8,T,T
1947.5,845.4,1928.7,833.8,T,T
2251.4,505,2272.1,527.9,T,T
1755.3,1010.7,1780.2,1010.2,T,T
3585.8,1243,3563.3,1259.8,T,T
1197.4,1595,1197.7,1568.1,T,T
1197.4,1595,1181.4,1586.1,T,T
3585.8,1243,3624.4,1203.6,T,T
1470.3,1306.4,1472.6,1313.3,T,T
1662.4,1107.7,1692.1,1105.4,T,T
3652.2,1183.1,3624.4,1203.6,T,T
2295,497.2,2292.8,484,T,T
2511,2288,2526,2342,T,T
2669.2,315.8,2588.6,0.2,T,T
1852.9,928.6,1863.9,929.3,T,T
1715.3,1060.4,1727.8,1070.4,T,T
2134.4,2680.3,2160.9,2694.9,T,T
1852.9,928.6,1854.2,939.7,T,T
1382,1420.1,1355.4,1417.6,T,T
1355.4,1417.6,1354.9,1447.7,T,T
1104.2,1693.2,1087.2,1691.8,T,T
1896.4,898.2,1890,892.5,T,T
3994.8,809.2,4019,850.1,T,T
1780.2,1010.2,1787.1,1003.6,T,T
1827.1,964.7,1787.1,1003.6,T,T
1827.1,964.7,1854.2,939.7,T,T
1932.8,860.4,1947.5,845.4,T,T
1754.2,1034,1748.9,1049,T,T
1854.2,939.7,1863.9,929.3,T,T
1947.5,845.4,1978.9,815.4,T,T
1932.8,860.4,1896.4,898.2,T,T
1896.4,898.2,1863.9,929.3,T,T
1504.2,1307.5,1470.3,1306.4,T,T
1066.4,1722.2,1066.4,1734.5,T,T
1978.9,815.4,2009.5,785.2,T,T
3683.5,1168.3,3652.2,1183.1,T,T
3519.1,1353,3498,1317.2,T,T
2066.4,730.7,2009.5,785.2,T,T
2303.5,497.5,2295,497.2,T,T
2075.3,721.8,2066.4,730.7,T,T
2075.3,721.8,2083.5,714,T,T
1559.2,1255.8,1533,1246,F,F
2095,702.9,2083.5,714,T,T
2323.9,2508.7,2322.2,2536.8,T,T
1692.1,1105.4,1727.8,1070.4,T,T
3949.1,879.5,3965,898.4,T,T
1748.9,1049,1727.8,1070.4,T,T
2107.5,692.5,2095,702.9,T,T
2283.5,516.1,2272.1,527.9,T,T
1538,1282,1533,1246,T,T
2107.5,692.5,2115,685.7,T,T
2342.5,2524.9,2323.9,2508.7,T,T
2123.5,679.7,2115,685.7,T,T
2011,805,2009.5,785.2,T,T
2269.6,540.4,2272.1,527.9,T,T
2283.5,516.1,2303.2,508.6,T,T
2218.1,550,2255.1,587.9,T,T
2180,655.4,2150.3,626.1,T,T
2353.6,2489.5,2399,2465,T,T
2399,2465,2395,2448,T,T
2303.2,508.6,2303.5,497.5,T,T
1197.4,1595,1216.3,1605.2,T,T
2342.5,2524.9,2353.6,2489.5,T,T
2202.9,2679.2,2167.7,2662.7,T,T
1666.4,1125.4,1702.8,1122.9,T,T
1665.9,1160.9,1666.4,1125.4,F,F
2857,2000,2860,2000,T,T
1367.8,1396,1464.5,1395.7,T,T
1066.4,1734.5,1078.6,1744.4,T,T
1197.4,1595,1196.7,1635.9,T,T
1787.1,1003.6,1786,1048.6,T,T
1559.2,1255.8,1564.8,1246.4,T,T
1749.2,1079.3,1727.8,1070.4,T,T
1504.2,1307.5,1512,1303,F,F
1515,1302,1518,1294,F,F
1518,1294,1528,1289,F,F
1517,1301,1514,1298,F,F
2273.9,547.5,2269.6,540.4,T,T
3683.5,1168.3,3718,1157.9,T,T
1382,1420.1,1381.6,1448.4,T,T
1748.9,1049,1786,1048.6,T,T
1354.9,1447.7,1381.6,1448.4,T,T
1512,1303,1517,1301,F,F
3960.9,906,3965,898.4,T,T
1528,1289,1538,1282,T,T
2798,2059,2780,2099,T,T
2189.3,2693.3,2160.9,2694.9,T,T
1472,1387.4,1472.6,1313.3,T,T
3960.9,906,3957.3,922.2,T,T
1996.4,861.1,1947.5,845.4,T,T
1066.4,1722.2,1138.2,1724.7,T,T
1996.4,861.1,1978.9,815.4,T,T
1932.8,860.4,1968.5,892.5,T,T
1749.2,1079.3,1702.8,1122.9,T,T
4019,850.1,4019,861.8,T,T
3986.3,902.4,3965,898.4,T,T
2107.5,692.5,2137.1,723.2,T,T
2115,685.7,2143.2,718.2,T,T
4027.1,863.3,4019,850.1,T,T
1559.2,1255.8,1559,1289,T,T
1078.6,1744.4,1061.8,1779.6,T,T
1172.8,1694.8,1104.2,1693.2,T,T
2066.4,730.7,2101.7,766.8,T,T
2169,662,2180,655.4,T,T
2342.5,2524.9,2353.9,2541.4,T,T
1382,1420.1,1445.9,1420.4,T,T
3987.1,895.3,3996.6,885.6,T,T
2798,2059,2837,2070,T,T
2837,2070,2857,2000,T,T
1538,1282,1559,1289,T,T
4015.5,868.9,4019,861.8,T,T
1932.8,860.4,1938.5,940,T,T
1938.5,940,1863.9,929.3,T,T
1827.1,964.7,1852.8,1029,T,T
4009.4,877.5,3996.6,885.6,T,T
1896.4,898.2,1938.5,940,T,T
1584.6,1274.8,1559.2,1255.8,T,T
2283.5,516.1,2345.7,528.6,T,T
2217,2671.6,2202.9,2679.2,T,T
4009.4,877.5,4015.5,868.9,T,T
3986.3,902.4,3987.1,895.3,T,T
1852.8,1029,1854.2,939.7,T,T
3756.2,1145.3,3718,1157.9,T,T
3959.2,939.4,3957.3,922.2,T,T
2283.5,516.1,2343.2,542.9,T,T
2213.7,2685.4,2202.9,2679.2,T,T
1505.9,1368.7,1504.2,1307.5,T,T
2303.2,508.6,2345.7,528.6,T,T
2255.1,587.9,2265.8,579.8,T,T
2189.3,2693.3,2204.2,2698.7,T,T
2213.7,2685.4,2217,2671.6,T,T
2011,805,2010.3,866.1,T,T
1331.3,1472.3,1330.5,1558.1,T,T
1665.9,1160.9,1704.8,1161.2,T,T
1798.2,1061.8,1786,1048.6,T,T
1196.7,1635.9,1196.7,1665.6,T,T
2234.8,2670.3,2217,2671.6,T,T
3547.8,1376.2,3519.1,1353,T,T
3984.5,923.4,3986.3,902.4,T,T
1776.4,1099.7,1749.2,1079.3,T,T
4009.4,877.5,4040.1,874.2,T,T
1756,1125.5,1702.8,1122.9,T,T
2780,2099,2798,2126,T,T
1584.6,1274.8,1559,1289,T,T
4027.1,863.3,4040.1,874.2,T,T
2267.2,599.1,2255.1,587.9,T,T
1577.7,1284.6,1559,1289,T,T
3925.2,983.3,3894.9,1003.8,T,T
1216.3,1605.2,1259.6,1637.2,T,T
2095,702.9,2156.1,765.1,T,T
3756.2,1145.3,3784.8,1130.1,T,T
1584.6,1274.8,1577.7,1284.6,T,T
2137.1,723.2,2143.2,718.2,T,T
3894.9,1003.8,3816.3,1102.9,T,T
3968.8,950.8,3959.2,939.4,T,T
1996.4,861.1,2003.5,863.2,T,T
2222.9,2698.7,2213.7,2685.4,T,T
1472,1387.4,1470.3,1394.3,T,T
1470.3,1394.3,1464.5,1395.7,T,T
2222.9,2698.7,2204.2,2698.7,T,T
3984.5,923.4,3972.3,946.7,T,T
3925.2,983.3,3947.7,970.7,T,T
1216.3,1605.2,1216.4,1694.7,T,T
2355,2578,2353.9,2541.4,T,T
1854.2,939.7,1930.7,1007.9,T,T
2526,2342,2576,2384,T,T
2267.2,599.1,2275.5,591.6,T,T
2180,655.4,2212.5,687.2,T,T
3816.3,1102.9,3784.8,1130.1,T,T
1801.4,1076.8,1798.2,1061.8,T,T
3968.8,950.8,3972.3,946.7,T,T
1705.4,1171.4,1704.8,1161.2,T,T
2003.5,863.2,2010.3,866.1,T,T
3947.7,970.7,3966.2,954.6,T,T
3968.8,950.8,3966.2,954.6,T,T
2137.1,723.2,2152.1,740,T,T
1196.7,1665.6,1195.9,1694.8,T,T
2143.2,718.2,2158.5,732.9,T,T
1472,1387.4,1508.8,1387.1,T,T
1470.3,1394.3,1470.3,1421.5,T,T
1776.4,1099.7,1767.8,1113.2,T,T
1172.8,1694.8,1195.9,1694.8,T,T
1470.3,1421.5,1445.9,1420.4,T,T
2273.9,547.5,2346,593.2,T,T
1776.4,1099.7,1798.2,1086.1,T,T
2343.2,542.9,2345.7,528.6,T,T
1445.9,1420.4,1445.3,1448.5,T,T
2074.6,871.8,2011,805,T,T
1798.2,1086.1,1801.4,1076.8,T,T
1851,1054.3,1798.2,1061.8,T,T
3816.3,1102.9,3816.8,1126.7,T,T
1505.9,1368.7,1508.8,1387.1,T,T
1325,1558,1330.5,1558.1,T,T
1783.5,1112.9,1776.4,1099.7,T,T
1138.2,1724.7,1183.1,1726.6,T,T
1351.9,1618.8,1354.9,1447.7,T,T
2222.9,2698.7,2238.6,2710.1,T,T
2121.4,784,2101.7,766.8,T,T
1851.7,1044.3,1852.8,1029,T,T
1767.8,1113.2,1774.6,1126.5,T,T
1756,1125.5,1774.6,1126.5,T,T
2152.1,740,2158.5,732.9,T,T
1985,937.5,1968.5,892.5,T,T
2212.5,687.2,2158.5,732.9,T,T
2340.7,566.8,2343.2,542.9,T,T
2267.2,599.1,2298.2,630.7,T,T
2542,2486,2399,2465,T,T
1783.5,1112.9,1774.6,1126.5,T,T
1851.7,1044.3,1851,1054.3,T,T
1938.5,940,1985,937.5,T,T
1195.9,1694.8,1216.4,1694.7,T,T
1705.4,1171.4,1758.9,1169.7,T,T
1516.8,1393.4,1508.8,1387.1,T,T
3547.8,1376.2,3571.6,1406.6,T,T
1584.6,1274.8,1671.7,1277.5,T,T
1851.7,1044.3,1860.3,1052.2,T,T
1505.9,1368.7,1542.7,1393.1,T,T
1756,1125.5,1758.9,1169.7,F,F
2354.7,2620.7,2355,2578,T,T
1470.3,1421.5,1470.9,1450,T,T
2016.4,936.5,1968.5,892.5,T,T
1470.9,1450,1445.3,1448.5,T,T
1499.4,1425,1470.3,1421.5,T,T
1938.5,940,1930.7,1007.9,T,T
1851,1054.3,1860.3,1052.2,T,T
2016.4,936.5,2003.5,863.2,T,T
1259.6,1637.2,1272.1,1652.3,T,T
1508.8,1387.1,1507.9,1419.8,T,T
2061,886.1,2010.3,866.1,T,T
3816.8,1126.7,3822.3,1158.1,T,T
1183.1,1726.6,1189.2,1730.2,T,T
1758.9,1169.7,1774.6,1126.5,F,F
1216.4,1694.7,1238.6,1682.4,T,T
2238.6,2710.1,2265.1,2716.8,T,T
1938.5,940,1978.9,979.3,T,T
1227.5,1698.7,1216.4,1694.7,T,T
2340.7,566.8,2353.2,577.9,T,T
1577.7,1284.6,1578.4,1398.6,T,T
1846.4,1116.5,1801.4,1076.8,T,T
2308.2,633.2,2212.5,687.2,T,T
2212.5,687.2,2233.9,709.7,T,T
2576,2384,2567,2412,T,T
1516.8,1393.4,1542.7,1393.1,T,T
2121.4,784,2157.1,789.7,T,T
1499.4,1425,1507.9,1419.8,T,T
2121.4,784,2141.7,805.7,T,T
1499.4,1425,1512.8,1425.3,T,T
2162.6,779.2,2156.1,765.1,T,T
1218.1,1735.7,1216.4,1694.7,T,T
1512.8,1425.3,1507.9,1419.8,T,T
2152.1,740,2193.5,781.5,T,T
1846.4,1116.5,1851,1054.3,T,T
2346,593.2,2353.2,577.9,T,T
2308.2,633.2,2298.2,630.7,T,T
1330.5,1652.6,1330.5,1558.1,T,T
1860.3,1052.2,1925.7,1033.2,T,T
1525.4,1419.8,1507.9,1419.8,T,T
1218.1,1735.7,1189.2,1730.2,T,T
1194.7,1759,1189.2,1730.2,T,T
2016.4,936.5,1985,937.5,T,T
1284.5,1674,1238.6,1682.4,T,T
1671.7,1277.5,1671.5,1258.4,T,T
2346,593.2,2308.2,633.2,T,T
1860.3,1052.2,1882.5,1087.5,T,T
1284.5,1674,1272.1,1652.3,T,T
2308.2,633.2,2233.9,709.7,T,T
1227.5,1698.7,1258,1702.1,T,T
1542.7,1393.1,1557,1396.8,T,T
1758.9,1169.7,1754.4,1207.2,T,T
1998.2,970,1985,937.5,T,T
2074.6,871.8,2061,886.1,T,T
2074.6,871.8,2141.7,805.7,T,T
1724.1,1208.4,1754.4,1207.2,T,T
2157.1,789.7,2141.7,805.7,T,T
2353.2,577.9,2371.4,594.7,T,T
1941,1018.2,1930.7,1007.9,T,T
2016.4,936.5,2061,886.1,T,T
2346,593.2,2358.2,602.5,T,T
1846.4,1116.5,1810.7,1129,T,T
1658.9,1295.8,1671.7,1277.5,T,T
3571.6,1406.6,3590.6,1432.5,T,T
2074.6,871.8,2081.9,878.2,T,T
2074.2,888.2,2061,886.1,T,T
3838,1188.4,3822.3,1158.1,T,T
1525.4,1419.8,1540.9,1425,T,T
2224.1,795.9,2158.5,732.9,T,T
2151.2,812.7,2141.7,805.7,T,T
2542,2486,2567,2412,T,T
1754.4,1207.2,1723,1228,T,T
2162.6,779.2,2179.6,792.5,T,T
2116.3,2772.6,2348,2773.4,T,T
2167.8,800,2157.1,789.7,T,T
1723,1228,1732,1232,T,T
1941,1018.2,1978.9,979.3,T,T
1941,1018.2,1925.7,1033.2,T,T
2016.4,936.5,1998.2,970,T,T
1671.7,1277.5,1695.2,1277.3,F,F
2567,2412,2604,2434,T,T
2074.2,888.2,2081.9,878.2,T,T
2315.7,2721.4,2265.1,2716.8,T,T
1218.1,1735.7,1233.6,1735.7,T,T
1695.2,1277.3,1723,1228,T,T
2081.9,878.2,2151.2,812.7,T,T
1754.4,1207.2,1732,1232,T,T
1978.9,979.3,1998.2,970,T,T
1684.1,1297,1671.7,1277.5,T,T
1843,1125,1846.4,1116.5,T,T
2167.8,800,2151.2,812.7,T,T
1557,1396.8,1578.4,1398.6,T,T
1846.4,1116.5,1872.1,1098.6,T,T
1695.2,1277.3,1754.4,1207.2,T,T
1547.2,1450,1512.8,1425.3,T,T
1695.2,1277.3,1732,1232,T,T
1872.1,1098.6,1882.5,1087.5,T,T
2179.6,792.5,2167.8,800,T,T
1990.3,991.5,1978.9,979.3,F,F
1284.5,1674,1330.5,1652.6,T,T
2081.9,878.2,2088.8,893.5,T,T
1941,1018.2,1953.9,1029.7,T,T
2074.2,888.2,2088.8,893.5,T,T
2029,963,2016.4,936.5,T,T
1284.5,1674,1297.6,1690.1,T,T
2179.6,792.5,2193.5,781.5,T,T
1990.3,991.5,1998.2,970,T,T
1906,1077.5,1882.5,1087.5,T,T
1880.3,1106.8,1872.1,1098.6,T,T
1872.1,1098.6,1880.3,1106.8,T,T
2354.7,2620.7,2356.9,2726.6,T,T
1906,1077.5,1945.7,1036.5,T,T
1945.7,1036.5,1953.9,1029.7,T,T
1990.3,991.5,1953.9,1029.7,T,T
2273.4,748.4,2233.9,709.7,T,T
1578.4,1410.9,1578.4,1398.6,T,T
1787.2,1218.5,1754.4,1207.2,T,T
2372.7,640,2358.2,602.5,T,T
1951,1041.1,1945.7,1036.5,T,T
1846.4,1116.5,1871.8,1140.7,T,T
1746,1272,1754.4,1207.2,T,T
1906,1077.5,1908.9,1089,T,T
1746,1272,1732,1232,T,T
2024.5,993,1998.2,970,T,T
1611.1,1399,1578.4,1398.6,T,T
1990.3,991.5,1990,1017.5,T,T
2003.2,1005.7,1990.3,991.5,T,T
2371.4,594.7,2397.5,626.8,T,T
1746,1272,1695.2,1277.3,T,T
1218.1,1735.7,1217.9,1821.2,T,T
1233.6,1735.7,1281.7,1742.8,T,T
2216.2,802.8,2193.5,781.5,T,T
1318.6,1719.4,1258,1702.1,T,T
1590.8,1419,1578.4,1410.9,T,T
2024.5,993,1990.3,991.5,T,T
1351.9,1680.1,1351.9,1618.8,T,T
1754.4,1207.2,1813,1229,T,T
1877,1160,1843,1125,T,T
2450.5,545.8,2459.7,551.3,T,T
1590.9,1453.1,1540.9,1425,T,T
2315.7,2721.4,2347.7,2725.5,T,T
2003.2,1005.7,1990,1017.5,T,T
1977.1,1031.5,1990,1017.5,T,T
1544.1,1473.9,1525.5,1473.7,T,T
1788,1268,1754.4,1207.2,T,T
1547.2,1450,1549.2,1473.7,T,T
3591.7,1506.7,3590.6,1432.5,T,T
2024.5,993,2003.2,1005.7,T,T
2122.5,921.8,2088.8,893.5,T,T
1871.8,1140.7,1881.6,1133.1,T,T
3873.7,1224.7,3838,1188.4,T,T
1572.5,1461.2,1547.2,1450,T,T
1329.7,1713.8,1297.6,1690.1,T,T
2604,2434,2623,2467,T,T
2003.2,1005.7,1999.2,1027.5,T,T
2372.7,640,2397.5,626.8,T,T
2372.7,640,2362,663,T,T
2243.5,776,2224.1,795.9,T,T
2224.1,795.9,2216.2,802.8,T,T
1544.1,1473.9,1549.2,1473.7,T,T
1611.1,1399,1632.4,1398.6,T,T
2243.5,776,2265.2,757.3,T,T
2265.2,757.3,2273.4,748.4,T,T
1544.1,1473.9,1543.9,1485.6,T,T
2362,663,2273.4,748.4,T,T
1812.7,1230.1,1787.2,1218.5,T,T
2024.5,993,2030.3,1004,T,T
2003.2,1005.7,2020.3,1023.1,F,F
2179.6,792.5,2236.4,845,T,T
1999.2,1027.5,1987.1,1040.4,T,T
1590.8,1419,1612,1433.9,T,T
2265.2,757.3,2264,769.7,T,T
1572.5,1461.2,1549.2,1473.7,T,T
1612,1433.9,1611.1,1399,T,T
1549.2,1473.7,1549.2,1486.7,T,T
2024.5,993,2020.3,1023.1,F,F
2347.7,2725.5,2356.9,2726.6,T,T
1889.7,1159.1,1871.8,1140.7,T,T
2372.7,640,2381.6,671.2,T,T
2243.5,776,2244,801.3,T,T
2244,801.3,2224.1,795.9,T,T
1543.9,1485.6,1549.2,1486.7,T,T
2542,2486,2624,2513,T,T
2020.3,1023.1,1999.2,1027.5,F,F
2397.5,626.8,2437.4,610.1,T,T
1490.8,1659.4,1499.4,1425,T,T
1746,1272,1788,1268,T,T
1590.9,1453.1,1572.5,1461.2,T,T
2362,663,2381.6,671.2,T,T
1876.6,1165.2,1877,1160,T,T
1754.4,1207.2,1731.9,1387.1,T,T
2458.7,611.3,2459.7,551.3,T,T
1329.7,1713.8,1318.6,1719.4,T,T
2356.9,2726.6,2381.8,2719.3,T,T
1999.2,1027.5,2017.8,1044.8,T,T
1889.7,1159.1,1876.6,1165.2,F,F
1590.9,1453.1,1612,1433.9,T,T
1695.2,1277.3,1731.9,1387.1,T,T
1580.5,1480.4,1572.5,1461.2,T,T
2244,832.6,2216.2,802.8,T,T
2449.5,620.9,2404.8,621.8,T,T
2347.7,2725.5,2348,2773.4,T,T
1788,1268,1813,1229,T,T
1318.6,1755.7,1281.7,1742.8,T,T
3528.3,1572.2,3502.3,1592.8,T,T
3488.8,1612.3,3502.3,1592.8,T,T
2381.8,2719.3,2387.7,2707.1,T,T
1351.9,1680.1,1351.2,1718.4,T,T
2417.2,664.6,2397.5,626.8,T,T
2020.3,1023.1,2017.8,1044.8,T,T
1216.9,1851,1217.9,1821.2,T,T
1940.7,1128.8,1919.5,1118.5,T,T
2030.3,1004,2049.5,1025.3,T,T
3590.6,1519.1,3591.7,1506.7,T,T
1329.7,1713.8,1351.2,1718.4,T,T
2265.2,757.3,2314.1,779,T,T
2623,2467,2656,2465,T,T
2020.3,1023.1,2036.2,1036.7,T,T
1695.2,1277.3,1885.5,1259.4,T,T
1964.9,1106.9,1951.8,1094.7,T,T
2020.3,1023.1,2049.5,1025.3,T,T
2385.9,680.8,2381.6,671.2,T,T
1812.7,1230.1,1835.1,1241,T,T
2356.9,2726.6,2359.3,2773.9,T,T
2122.5,921.8,2119,957.4,T,T
1590.9,1453.1,1612.6,1465,T,T
2244,801.3,2244,832.6,T,T
1631.7,1445.9,1612,1433.9,T,T
2244,801.3,2270.8,807.6,T,T
2105.6,967.7,2094.2,956.9,T,T
1590.9,1453.1,1591.7,1488.8,T,T
3560.8,1563.5,3528.3,1572.2,T,T
2624,2513,2623,2467,T,T
2387.7,2707.1,2415.9,2718.7,T,T
3496.9,1632.3,3488.8,1612.3,T,T
2018,1054.6,2017.8,1044.8,T,T
3590.6,1519.1,3560.8,1563.5,T,T
2656,2465,2670,2443,T,T
1940.7,1128.8,1928.6,1141.2,T,T
1318.6,1755.7,1305.1,1761.1,T,T
2458.7,611.3,2449.5,620.9,T,T
1580.5,1480.4,1591.7,1488.8,T,T
1940.7,1128.8,1964.9,1106.9,T,T
2438.1,632.5,2449.5,620.9,T,T
1964.9,1106.9,2018,1054.6,T,T
2018,1054.6,2036.2,1036.7,T,T
2669.2,315.8,2695.2,466.8,T,T
2049.5,1025.3,2036.2,1036.7,T,T
2105.6,967.7,2049.5,1025.3,T,T
1549.2,1563,1549.2,1486.7,T,T
2105.6,967.7,2119,957.4,T,T
2417.2,664.6,2438.1,632.5,T,T
2244,832.6,2270.8,807.6,T,T
1355.7,1732.2,1351.2,1718.4,T,T
2244,832.6,2236.4,845,T,T
2270.8,807.6,2278.6,801,T,T
2348,2773.4,2359.3,2773.9,T,T
2381.8,2719.3,2380.2,2772.6,T,T
1957.1,1132.9,1940.7,1128.8,T,T
2105.6,967.7,2118,968.7,T,T
2624,2513,2656,2465,T,T
1328.4,1760.6,1318.6,1755.7,T,T
2118,968.7,2119,957.4,T,T
1940.7,1128.8,1952.8,1142.7,T,T
2105.6,967.7,2116.5,978.8,T,T
2458.7,611.3,2463.5,636.2,T,T
2438.1,632.5,2463.5,636.2,T,T
2463.5,636.2,2449.5,620.9,T,T
1889.7,1159.1,1930.3,1197.7,T,T
1328.4,1760.6,1355.7,1732.2,T,T
2157.9,977,2122.5,921.8,T,T
1591.7,1508,1591.7,1488.8,T,T
2417.2,664.6,2420.5,679.8,T,T
2116.5,978.8,2118,968.7,T,T
2244,859.1,2236.4,845,T,T
1957.1,1132.9,1952.8,1142.7,T,T
2408.9,711.1,2385.9,680.8,T,T
1885.5,1259.4,1813,1229,T,T
2244,832.6,2277.4,834,T,T
1933.6,1164.7,1930,1160,T,T
2270.8,807.6,2277.4,834,T,T
1947.5,1150.3,1952.8,1142.7,T,T
1351.2,1718.4,1395.6,1730.6,T,T
1947.5,1150.3,1933.6,1164.7,T,T
3496.9,1632.3,3521.8,1643.1,T,T
1631.7,1445.9,1663.3,1458,T,T
1788,1268,1885.5,1259.4,T,T
2314.1,779,2321.6,788.1,T,T
1964.9,1106.9,1994,1138.7,T,T
1964.9,1106.9,2015.2,1118,T,T
2018,1054.6,2015.2,1118,T,T
1855,1389.5,1754.4,1207.2,T,T
2110.9,1023,2049.5,1025.3,T,T
2385.9,680.8,2397.7,744.4,T,T
1960.9,1152.6,1952.8,1142.7,T,T
1940,1171,1933.6,1164.7,T,T
2244,859.1,2214.6,892.4,T,T
1591.7,1508,1586.3,1523.8,T,T
1947.5,1150.3,1960.9,1152.6,T,T
2244,832.6,2273.5,861.4,T,T
3939.2,1272.3,3873.7,1224.7,T,T
1874.3,1212.4,1900.8,1228.1,T,T
1663.4,1474.2,1612.6,1465,T,T
1855,1389.5,1695.2,1277.3,T,T
2451.6,2727.4,2415.9,2718.7,T,T
2157.9,977,2118,968.7,T,T
1885.5,1259.4,1835.1,1241,T,T
1957.1,1132.9,1994,1138.7,T,T
1928,1185,1940,1171,T,T
1940,1171,1960.9,1152.6,T,T
2214.6,892.4,2202.5,918.5,T,T
2116.5,978.8,2136.4,997,T,T
2110.9,1023,2116.5,978.8,T,T
2197.5,928.1,2173.4,933.7,T,T
1591.7,1508,1616.2,1519.8,T,T
1629.3,1494.7,1617.4,1498.6,T,T
1930.3,1197.7,1928,1185,T,T
2186.9,949.5,2173.4,933.7,T,T
1960.9,1152.6,1960.2,1171,T,T
2424.1,720.8,2420.5,679.8,T,T
1960.9,1152.6,1970.5,1161.2,T,T
2202.5,918.5,2197.5,928.1,T,T
1616.2,1519.8,1586.3,1523.8,T,T
2277.4,834,2282.9,851.8,T,T
2302.1,833.6,2277.4,834,T,T
1585.6,1553.2,1586.3,1523.8,T,T
3521.8,1643.1,3535.9,1645.3,T,T
2244,859.1,2263.8,884.2,T,T
1616.2,1519.8,1617.4,1498.6,T,T
2337,806.8,2321.6,788.1,T,T
1351.9,1680.1,1464.5,1758.2,T,T
1562.2,1579.8,1549.2,1563,T,T
1930.3,1197.7,1900.8,1228.1,T,T
2408.9,711.1,2405.9,733.1,T,T
1930.3,1197.7,1960.2,1171,F,F
2359.6,2863.5,2359.3,2773.9,T,T
2186.9,949.5,2197.5,928.1,T,T
1970.5,1161.2,1960.2,1171,T,T
1994,1138.7,1970.5,1161.2,T,T
1885.5,1259.4,1731.9,1387.1,T,T
2316.4,813.5,2314.6,820.3,T,T
2065.7,1067.7,2015.2,1118,T,T
1994,1138.7,2015.2,1118,T,T
2065.7,1067.7,2110.9,1023,T,T
2110.9,1023,2136.4,997,T,T
1732.9,1415,1731.9,1387.1,F,F
1574,1554.4,1585.6,1553.2,T,T
2157.9,977,2136.4,997,T,T
2098,1098.3,2036.2,1036.7,T,T
2282.9,851.8,2273.5,861.4,T,T
2302.1,833.6,2282.9,851.8,T,T
2302.1,833.6,2314.6,820.3,T,T
1629.3,1494.7,1650.3,1495.8,T,T
2507.4,662.8,2463.5,636.2,T,T
2157.9,977,2186.9,949.5,F,F
2316.4,813.5,2337,806.8,T,T
1900.8,1228.1,1885.5,1259.4,T,T
1699.5,1457.3,1663.3,1458,T,T
2405.9,733.1,2397.7,744.4,T,T
1790.9,1371.3,1731.9,1387.1,T,T
3535.9,1645.3,3560.8,1635.5,T,T
1981.1,1171.5,1960.2,1171,T,T
2263.8,884.2,2273.5,861.4,T,T
1981.1,1171.5,1970.5,1161.2,T,T
2186.9,949.5,2202.5,957.3,T,T
2211.8,939.4,2263.8,884.2,T,T
2379.9,2863.3,2380.2,2772.6,T,T
1994,1138.7,1998.3,1171.5,T,T
1663.4,1474.2,1678.6,1488.3,T,T
2337,806.8,2346.3,817.5,T,T
1355.7,1732.2,1431.5,1788.8,T,T
1570.9,1596.6,1562.2,1579.8,T,T
3580.3,1630.1,3560.8,1635.5,T,T
2211.8,939.4,2202.5,957.3,T,T
1732.9,1415,1727.2,1436.7,F,F
2275.7,888,2263.8,884.2,T,T
2211.8,939.4,2219.4,944.8,T,T
1562.2,1611.7,1562.2,1579.8,T,T
2424.1,720.8,2454.5,720.7,T,T
1699.5,1457.3,1727.2,1436.7,F,F
1490.8,1659.4,1490.8,1681.5,T,T
1981.1,1171.5,1998.3,1171.5,T,T
1994,1138.7,2025.6,1168.2,T,T
1732.9,1415,1745.5,1433.4,F,F
2110.9,1023,2108.4,1084.9,T,T
2015.2,1118,2025.6,1168.2,T,T
2015.2,1118,2083.6,1110.9,T,T
2136.4,997,2167,1027.1,T,T
2110.9,1023,2167,1027.1,T,T
2157.9,977,2167,1027.1,T,T
2157.9,977,2190,1004.6,T,T
2373.1,792.5,2346.3,817.5,T,T
1544.4,1611.7,1562.2,1611.7,T,T
2400.1,790.1,2397.7,744.4,T,T
1871.3,1321.8,1885.5,1259.4,T,T
1668,1524.3,1650.3,1495.8,T,T
1699.5,1457.3,1699.5,1485.1,T,T
2464.7,702,2454.5,720.7,T,T
1727.2,1436.7,1745.5,1433.4,F,F
1981.1,1171.5,2001.1,1190.7,T,T
2263.8,884.2,2262.7,937.6,T,T
1446.8,1775.8,1395.6,1730.6,T,T
1490.8,1659.4,1543.3,1659.4,F,F
2451.6,2727.4,2531.5,2737.4,T,T
1790.9,1371.3,1800,1390,T,T
1490.8,1681.5,1489.7,1692.4,T,T
3603.6,1636.6,3580.3,1630.1,T,T
1585,1603.1,1570.9,1596.6,T,T
2362.6,830.3,2346.3,817.5,T,T
2373.1,792.5,2400.1,790.1,T,T
2362.6,830.3,2373.1,792.5,T,T
1405.2,1812,1358.1,1783.3,T,T
1579,1612.8,1570.9,1596.6,T,T
2001.1,1190.7,1998.3,1171.5,T,T
2314.7,912.3,2273.5,861.4,T,T
2530.7,2775,2380.2,2772.6,T,T
2025.6,1168.2,1998.3,1171.5,T,T
2219.4,944.8,2262.7,937.6,T,T
1579,1612.8,1562.2,1611.7,T,T
1544.4,1611.7,1561.7,1647.4,T,T
2424.1,720.8,2426.3,795.5,T,T
2631.9,572.9,2695.2,466.8,F,F
2465,733.6,2454.5,720.7,T,T
1711.1,1481.8,1699.5,1485.1,T,T
1751.6,1469.4,1699.5,1457.3,T,T
1680.2,1532.1,1678.6,1488.3,T,T
1585,1603.1,1579,1612.8,T,T
1602,1593.8,1585,1603.1,T,T
1562.2,1611.7,1561.7,1647.4,T,T
2001.1,1190.7,2025.6,1168.2,T,T
2108.4,1084.9,2167,1027.1,T,T
2025.6,1168.2,2070,1124,T,T
2190,1004.6,2167,1027.1,T,T
2025.6,1168.2,2083.6,1110.9,T,T
2083.6,1110.9,2070,1124,T,T
2108.4,1084.9,2098,1098.3,T,T
2098,1098.3,2083.6,1110.9,T,T
3939.2,1272.3,3973.3,1303.2,T,T
2006.4,1198,2001.1,1190.7,T,T
1751.6,1469.4,1745.5,1433.4,F,F
2275.7,888,2306,930.2,T,T
1585,1603.1,1606.1,1606.8,T,T
1579,1612.8,1561.7,1647.4,T,T
1525.4,1695.1,1489.7,1692.4,F,F
1680.2,1532.1,1668,1524.3,T,T
1930.3,1197.7,2003.1,1275.5,T,T
1855,1389.5,1790.9,1371.3,T,T
2006.4,1198,2000.3,1203.3,T,T
2749.4,499.3,2695.2,466.8,T,T
1699.5,1485.1,1696.3,1531.4,T,T
1871.3,1321.8,1895.8,1325.8,T,T
2038.7,1182.1,2025.6,1168.2,T,T
2507.4,662.8,2538.8,705.5,T,T
2084,1136,2070,1124,T,T
1711.1,1481.8,1735.9,1490.1,T,T
2702.4,557.8,2695.2,466.8,T,T
2184.7,1045,2167,1027.1,T,T
1885.5,1259.4,2003.1,1275.5,T,T
1602,1593.8,1638.4,1591,T,T
1585,1603.1,1585,1653.4,T,T
1489.1,1756.2,1489.7,1692.4,T,T
1542.2,1682.1,1543.3,1659.4,T,T
2263.3,966.9,2262.7,937.6,T,T
1542.2,1682.1,1561.7,1647.4,T,T
1525.4,1695.1,1533,1681.5,T,T
1680.2,1532.1,1679.1,1543.5,T,T
1871.3,1321.8,1874,1368,T,T
2214.5,1027.8,2167,1027.1,T,T
2306,930.2,2262.7,937.6,T,T
1871.3,1321.8,1855,1389.5,T,T
2006.4,1198,2022.3,1210.9,T,T
2214.5,1027.8,2190,1004.6,T,T
1542.2,1682.1,1533,1681.5,T,T
1680.2,1532.1,1696.3,1531.4,T,T
1669.9,1551.6,1679.1,1543.5,T,T
2122.5,1127.2,2098,1098.3,T,T
1751.6,1469.4,1735.9,1490.1,T,T
2501.4,703.4,2538.8,705.5,T,T
1561.7,1647.4,1560.6,1681.5,T,T
1735.9,1490.1,1696.3,1531.4,F,F
2360.4,2966.9,2359.6,2863.5,T,T
1431.5,1788.8,1446.1,1788.1,T,T
1446.1,1788.1,1446.8,1775.8,T,T
2022.3,1210.9,2011,1212,T,T
2439.7,795.4,2426.3,795.5,F,F
1658,1580.3,1669.9,1551.6,T,T
1463.7,1775,1464.5,1758.2,T,T
1542.2,1682.1,1560.6,1681.5,T,T
1658,1580.3,1638.4,1591,T,T
2870.6,359.1,2828.4,408.9,T,T
2362.6,830.3,2366.8,909.9,T,T
1410.6,1843.4,1405.2,1812,T,T
2400.1,790.1,2394.5,886.6,T,T
1695,1548.2,1696.3,1531.4,T,T
1463.7,1775,1446.1,1788.1,T,T
1707.9,1539.9,1696.3,1531.4,T,T
2439.2,801.9,2439.7,795.4,F,F
2530.7,2775,2531.5,2737.4,T,T
1751.6,1469.4,1797.2,1464.5,T,T
2331.9,925.5,2314.7,912.3,T,T
1410.6,1843.4,1446.1,1788.1,T,T
2631.9,572.9,2641.1,643.3,T,T
2316.2,937.6,2306,930.2,T,T
1874,1368,1880,1368,T,T
1707.9,1539.9,1695,1548.2,T,T
1679.1,1543.5,1677.4,1591.6,T,T
2331.9,925.5,2306,930.2,T,T
3603.6,1636.6,3712.4,1636.6,T,T
2380.7,2966.1,2379.9,2863.3,T,T
2122.5,1127.2,2112.8,1134.8,T,T
1638.4,1591,1677.4,1591.6,T,T
1677,1609,1606.1,1606.8,T,T
2439.2,801.9,2457,801.9,F,F
1560.6,1698.3,1560.6,1681.5,T,T
2122.5,1127.2,2130.1,1121.8,T,T
1585,1653.4,1586,1678.3,T,T
2263.3,966.9,2261.6,1011.4,T,T
1880,1368,1883,1374,T,T
1586,1678.3,1560.6,1681.5,T,T
1780.4,1500.7,1735.9,1490.1,T,T
1855,1389.5,1858.1,1407.8,F,F
2542,736.4,2501.4,732.6,T,T
1489.1,1777.9,1489.1,1756.2,T,T
1855,1389.5,1864.9,1403.5,F,F
2122.5,1127.2,2132.3,1133.5,F,F
2749.4,499.3,2781.3,489.5,T,T
1883,1374,1884,1378,T,T
1695,1582.1,1695,1548.2,T,T
1884,1378,1875,1383,T,T
1474,1813.6,1446.1,1788.1,T,T
2542,736.4,2538.8,705.5,T,T
2305.1,988.1,2263.3,966.9,T,T
2233.7,1048.3,2214.5,1027.8,T,T
1875,1383,1880,1386,T,T
2316.2,937.6,2329.9,943.3,T,T
1707.9,1539.9,1743.3,1539.7,T,T
4016.6,1333.5,3973.3,1303.2,T,T
1858.1,1407.8,1864.9,1403.5,T,T
1876,1391,1864.9,1403.5,T,T
2331.9,925.5,2356.3,923.9,T,T
1880,1386,1887,1384,T,T
1887,1384,1876,1391,T,T
2702.4,557.8,2703.9,577.3,T,T
1833.9,1447.2,1797.2,1464.5,F,F
2421.8,898.3,2426.3,795.5,T,T
1828.3,1434.6,1833.9,1447.2,T,T
2828.4,408.9,2828.9,477.6,T,T
2797,477.1,2781.3,489.5,T,T
2589.1,712,2538.8,705.5,F,F
2305.1,988.1,2316.2,937.6,T,T
2495.5,794.9,2457,801.9,T,T
2200,1069,2204.2,1076.9,T,T
2331.9,925.5,2357.4,936.7,T,T
2069.9,1214.9,2062,1206,T,T
1489.1,1777.9,1474,1813.6,T,T
2143.1,1145.1,2132.3,1133.5,T,T
2130.5,1158.3,2132.3,1133.5,T,T
1677,1609,1677.4,1591.6,T,T
2105,1163,2113.8,1173.8,T,T
2356.3,923.9,2366.8,909.9,T,T
1858.1,1407.8,1854.5,1438,T,T
2150,1119,2160.4,1130.5,T,T
2682.8,597.2,2703.9,577.3,T,T
2243.4,1040.5,2241,1037,T,T
2233.7,1048.3,2243.4,1040.5,T,T
2734.2,554.5,2703.9,577.3,T,T
2204.2,1076.9,2207.8,1082.5,T,T
2069.9,1214.9,2113.8,1173.8,T,T
1877,1427.3,1864.9,1403.5,T,T
2204.2,1076.9,2215.5,1076.3,T,T
2233.7,1048.3,2235.4,1056.4,T,T
1833.9,1447.2,1854.5,1438,T,T
2376.3,919.9,2366.8,909.9,T,T
2356.3,923.9,2357.4,936.7,T,T
2012.7,1284.1,2003.1,1275.5,T,T
1837.4,1476.5,1797.2,1464.5,T,T
2113.8,1173.8,2130.5,1158.3,T,T
2356.3,923.9,2376.3,919.9,T,T
2143.1,1145.1,2130.5,1158.3,T,T
2278.1,1026.6,2261.6,1011.4,T,T
2143.1,1145.1,2160.4,1130.5,T,T
1695,1582.1,1721.4,1581.2,T,T
2797,477.1,2828.9,477.6,T,T
2207.8,1082.5,2175.5,1115.9,T,T
2404.5,896.1,2394.5,886.6,T,T
2734.2,554.5,2753.1,539.3,T,T
1559,1726,1562.8,1733.6,T,T
2207.8,1082.5,2215.5,1076.3,T,T
2050.6,1246.7,2069.9,1214.9,T,T
2175.5,1115.9,2160.4,1130.5,T,T
2215.5,1076.3,2235.4,1056.4,T,T
1900.9,1414.5,1864.9,1403.5,T,T
2255.3,1048.2,2233.7,1048.3,T,T
1474,1813.6,1446.4,1851.5,T,T
1804.6,1500.2,1780.4,1500.7,T,T
1780.4,1500.7,1788.9,1515.9,T,T
2329.9,943.3,2316.9,997.6,T,T
2625.4,678.5,2641.1,643.3,T,T
2392.6,915,2394.5,886.6,T,T
1694.5,1617.9,1695,1582.1,T,T
2012.7,1284.1,2034.4,1262.3,T,T
1489.1,1777.9,1497.8,1829.9,T,T
2050.6,1246.7,2034.4,1262.3,T,T
1437.2,1860.5,1446.4,1851.5,T,T
1877,1427.3,1854.5,1438,T,T
2753.1,539.3,2787.2,518.2,T,T
1833.9,1447.2,1845,1472,F,F
2069.9,1214.9,2084.9,1229.5,T,T
1785.4,1530.5,1743.3,1539.7,T,T
2682.8,597.2,2679,641.3,T,T
1677,1609,1674.7,1639.7,T,T
2357.4,936.7,2373.9,933.4,T,T
2376.3,919.9,2373.9,933.4,T,T
2392.6,915,2376.3,919.9,T,T
2113.8,1173.8,2129,1188.8,T,T
2625.4,678.5,2589.1,712,T,T
2143.1,1145.1,2158.1,1160.3,T,T
2130.5,1158.3,2129,1188.8,T,T
1666.2,1677.2,1586,1678.3,T,T
2369.8,964.4,2329.9,943.3,T,T
2404.5,896.1,2392.6,915,T,T
1804.6,1500.2,1788.9,1515.9,T,T
2257.2,1071.7,2233.7,1048.3,T,T
2495.5,794.9,2517,803.3,T,T
2050.6,1246.7,2059.3,1254.9,T,T
2520.9,770.5,2517,803.3,T,T
2175.5,1115.9,2190.1,1131,T,T
1437.2,1860.5,1377.9,1938.9,T,T
1446.4,1851.5,1461.2,1855.2,T,T
1474,1813.6,1497.8,1829.9,T,T
2305.1,988.1,2292.5,1030.5,T,T
1562.8,1733.6,1560.3,1760.6,T,T
4021.5,1342.1,4016.6,1333.5,T,T
1804.6,1500.2,1837.4,1476.5,T,T
2215.5,1076.3,2248.8,1078.1,T,T
1877,1427.3,1900.9,1414.5,T,T
2404.5,896.1,2421.8,898.3,T,T
3730.8,1636.1,3712.4,1636.6,T,T
1785.4,1530.5,1788.9,1515.9,T,T
1560.3,1760.6,1538.4,1761.1,T,T
2012.7,1284.1,2047.8,1278.3,T,T
2278.1,1026.6,2292.5,1030.5,T,T
2059.3,1254.9,2084.9,1229.5,T,T
3776.8,1580.3,3796.3,1571.1,T,T
2392.6,915,2405.3,915.6,T,T
2129,1188.8,2084.9,1229.5,T,T
2292.5,1030.5,2270,1041,T,T
3771.4,1603.6,3776.8,1580.3,T,T
1657.5,1656.1,1666.2,1656.1,T,T
2517,803.3,2498.2,818.1,T,T
2158.1,1160.3,2129,1188.8,T,T
2542,736.4,2544.4,816,T,T
1860.5,1464.1,1837.4,1476.5,T,T
1694.5,1617.9,1694,1633.1,T,T
2158.1,1160.3,2190.1,1131,T,T
2257.2,1071.7,2270,1041,T,T
2059.3,1254.9,2047.8,1278.3,T,T
2326.1,1001.1,2316.9,997.6,T,T
1877,1427.3,1887.7,1450.9,T,T
3796.3,1571.1,3820.1,1552.2,T,T
1377.9,1938.9,1336.1,1992.1,T,T
1676.4,1655,1674.7,1639.7,T,T
1785.9,1546.7,1785.4,1530.5,T,T
2248.8,1078.1,2190.1,1131,T,T
3753.5,1626.3,3730.8,1636.1,T,T
2388.2,954.8,2373.9,933.4,T,T
2388.2,954.8,2392.6,915,T,T
2257.2,1071.7,2292.5,1030.5,T,T
2489.5,846.3,2498.2,818.1,T,T
2012.7,1284.1,2053.6,1302.8,T,T
1666.2,1656.1,1676.4,1655,T,T
2257.2,1071.7,2248.8,1078.1,T,T
2308.9,1033.6,2316.9,997.6,T,T
1562.8,1733.6,1628.3,1733.5,T,T
3753.5,1626.3,3771.4,1603.6,T,T
1743.8,1632.3,1743.3,1539.7,T,T
2419.3,921.8,2421.8,898.3,T,T
2419.3,921.8,2405.3,915.6,T,T
2403.1,937.9,2405.3,915.6,T,T
2158.1,1160.3,2171.8,1171.6,T,T
1887.7,1450.9,1860.5,1464.1,T,T
1321.1,2014,1336.1,1992.1,T,T
2197.2,1145.6,2190.1,1131,T,T
2301.4,1040.3,2292.5,1030.5,T,T
1536.2,1786.6,1535.7,1807.3,T,T
1666.2,1677.2,1666.2,1656.1,T,T
2421.8,898.3,2446.9,898,T,T
1561,1786.6,1560.3,1760.6,T,T
1536.2,1786.6,1561,1786.6,T,T
2096.3,1239.5,2066.2,1268,T,T
2059.3,1254.9,2053.6,1302.8,T,T
1562.8,1733.6,1613.6,1761.7,T,T
2678.2,674.2,2679,641.3,T,T
2096.3,1239.5,2133.9,1204.6,T,T
2388.2,954.8,2369.8,964.4,T,T
4021.5,1342.1,4024.7,1384.9,T,T
2707.7,689.1,2703.9,577.3,T,T
2133.9,1204.6,2148.5,1192.2,T,T
1377.9,1938.9,1403.1,1959.6,T,T
2544.4,816,2517,803.3,T,T
2047.8,1278.3,2053.6,1302.8,T,T
1677,1675.6,1676.4,1655,T,T
2290.6,1051.7,2301.4,1040.3,T,T
2308.9,1033.6,2301.4,1040.3,T,T
2148.5,1192.2,2171.8,1171.6,T,T
2197.2,1145.6,2171.8,1171.6,T,T
1311.7,2039.6,1321.1,2014,T,T
3845,1565.2,3820.1,1552.2,T,T
2290.6,1051.7,2264.9,1080.7,T,T
2197.2,1145.6,2264.9,1080.7,T,T
2594.7,793.7,2589.1,712,T,T
2376.8,979.6,2369.8,964.4,T,T
2133.9,1204.6,2135.5,1216,T,T
2403.1,937.9,2397.2,951.7,T,T
2066.2,1268,2053.6,1302.8,T,T
1915.2,1438.6,1887.7,1450.9,T,T
2388.2,954.8,2397.2,951.7,T,T
1787.4,1574,1785.9,1546.7,T,T
1694,1633.1,1697.5,1671.5,T,T
2096.3,1239.5,2115.5,1245.2,T,T
1613.6,1761.7,1560.3,1760.6,T,T
2204,1152,2197.2,1145.6,T,T
1694,1633.1,1743.8,1632.3,T,T
2419.3,921.8,2444,918,T,T
1860.5,1464.1,1879.5,1500.5,T,T
2135.5,1216,2123.2,1230.4,T,T
2301.4,1040.3,2315,1051.6,T,T
2446.5,921.5,2419.3,921.8,T,T
2290.6,1051.7,2315,1051.6,T,T
1561,1786.6,1562.2,1800.1,T,T
2324.5,1045.1,2301.4,1040.3,T,T
2419.3,921.8,2394.8,976.6,T,T
1787.4,1574,1778.8,1573.3,T,T
1626,1726,1628.3,1733.5,T,T
2115.5,1245.2,2123.2,1230.4,T,T
2388.2,954.8,2394.8,976.6,T,T
2520.4,834.9,2544.4,816,T,T
2280,1095,2264.9,1080.7,T,T
1497.8,1829.9,1536.2,1857.5,T,T
2192.3,1192.2,2148.5,1192.2,T,T
2376.8,979.6,2394.8,976.6,T,T
1560.1,1824.5,1535.7,1807.3,F,F
2192.3,1192.2,2171.8,1171.6,T,T
2520.4,834.9,2512.8,859.8,T,T
1311.7,2066,1311.7,2039.6,T,T
2376.8,979.6,2377.9,999.6,T,T
2324.5,1045.1,2324.6,1040.2,T,T
1887.7,1450.9,1907,1489.8,T,T
2678.2,674.2,2677.1,705.6,T,T
1966.6,1417.3,1915.2,1438.6,T,T
1613.6,1761.7,1628.3,1733.5,T,T
2115.5,1245.2,2114.9,1263.1,T,T
2520.4,834.9,2544.2,838.7,T,T
1786.9,1591.2,1787.4,1574,T,T
2153.4,1221.4,2156.1,1210,T,T
1573.6,1807.8,1562.2,1800.1,T,T
2544.4,816,2544.2,838.7,T,T
1599.5,1772.5,1613.6,1761.7,T,T
1744.5,1626.4,1743.8,1632.3,T,T
1707.6,1671.5,1697.5,1671.5,T,T
2172.3,1211.7,2156.1,1210,T,T
2133.9,1240.9,2146.3,1231.7,T,T
2153.4,1221.4,2146.3,1231.7,T,T
1599.5,1772.5,1573.6,1807.8,T,T
2324.5,1045.1,2338.2,1049,T,T
3845,1565.2,3885.6,1559.2,T,T
1915.2,1438.6,1933,1477,T,T
2339.4,1038.2,2338.2,1049,T,T
1560.1,1824.5,1573.6,1807.8,T,T
2133.9,1240.9,2136.2,1256.7,T,T
2192.3,1192.2,2172.3,1211.7,T,T
1677,1675.6,1675.2,1743,T,T
1628.3,1733.5,1655,1754,T,T
2136.2,1256.7,2114.9,1263.1,T,T
2377.9,999.6,2374.3,1022,T,T
1699,1707.3,1697.5,1671.5,T,T
1907,1489.8,1879.5,1500.5,T,T
1763.7,1636.1,1743.8,1632.3,T,T
1560.1,1824.5,1536.2,1857.5,F,F
4042.6,1423.3,4024.7,1384.9,T,T
1545.7,1917.4,1461.2,1855.2,T,T
2337.9,1075.3,2315,1051.6,T,T
2170.1,1226.3,2172.3,1211.7,T,T
2365.7,1020.7,2374.3,1022,T,T
1625.2,1783.5,1613.6,1761.7,T,T
1311.7,2066,1318.2,2088.7,T,T
1613.6,1761.7,1655,1754,T,T
1786.9,1591.2,1784.4,1623,T,T
2170.1,1226.3,2156.1,1235,T,T
1966.6,1417.3,2008.1,1397.7,T,T
2123.6,1287.5,2114.9,1263.1,T,T
1966.6,1417.3,1973.1,1433.6,T,T
2126.5,1310.8,2053.6,1302.8,T,T
2159.8,1248.5,2156.1,1235,T,T
2394.8,976.6,2387.1,1042.9,T,T
1445.7,1994.8,1403.1,1959.6,T,T
2153.9,1257.1,2136.2,1256.7,T,T
1907,1489.8,1933,1477,T,T
2369.3,1040.4,2374.3,1022,T,T
2338.2,1049,2364.2,1056.4,T,T
2677.1,705.6,2657.9,766.8,T,T
1707.6,1671.5,1722.8,1707.3,T,T
3926.2,1534.8,3885.6,1559.2,T,T
1699,1707.3,1690.6,1713.5,T,T
1625.2,1783.5,1655,1754,T,T
2153.9,1257.1,2159.8,1248.5,T,T
1942.3,1472.7,1933,1477,T,T
2544.2,838.7,2562.6,879.8,T,T
1655,1754,1675.2,1743,T,T
2594.7,793.7,2584.9,855.8,T,T
2369.3,1040.4,2364.2,1056.4,T,T
2046,1379.5,2008.1,1397.7,T,T
1690.8,1736.7,1690.6,1713.5,T,T
2192.3,1192.2,2223.3,1224.5,T,T
1775.8,1658.3,1763.7,1636.1,T,T
1699,1707.3,1722.8,1707.3,F,T
2387.1,1042.9,2369.3,1040.4,T,T
1690.8,1736.7,1675.2,1743,T,T
3926.2,1534.8,3952.7,1527.8,T,T
2337.9,1075.3,2357.9,1074.5,T,T
2126.5,1310.8,2123.6,1287.5,T,T
1775.8,1658.3,1746,1672.5,T,T
2357.9,1074.5,2364.2,1056.4,T,T
1574.7,1884.5,1536.2,1857.5,T,T
1334.5,2115.1,1318.2,2088.7,T,T
2337.9,1075.3,2353,1091.1,T,T
2268.8,1165.2,2265,1158,T,T
1690.8,1736.7,1702.6,1730.6,T,T
2279.1,1155.8,2271.6,1157.6,T,T
4046.4,1454.2,4042.6,1423.3,T,T
2397.7,1047.8,2387.1,1042.9,T,T
2279.1,1155.8,2290.6,1149.4,T,T
2357.9,1074.5,2353,1091.1,T,T
1727.3,1718.9,1722.8,1707.3,T,T
2270.6,1173.3,2268.8,1165.2,T,T
1727.3,1718.9,1702.6,1730.6,F,F
2302.7,1138.5,2290.6,1149.4,T,T
2126.5,1310.8,2146,1297.7,T,T
2584.9,855.8,2562.6,879.8,T,T
2207.7,1236.2,2146,1297.7,T,T
2372.8,1087.9,2387.1,1042.9,T,T
2223.3,1224.5,2207.7,1236.2,T,T
1728,1717,1727.3,1718.9,T,T
2302.7,1138.5,2302.2,1151.7,T,T
2344.8,1114.6,2331,1107,T,T
1675.4,1807.4,1675.2,1743,T,T
1690.8,1736.7,1691.1,1782.3,T,T
2046,1379.5,2129.4,1347.2,T,T
2353,1091.1,2344.8,1114.6,T,T
1463.8,1999.7,1445.7,1994.8,T,T
1942.7,1564.5,1907,1489.8,T,T
2126.5,1310.8,2139.5,1331,T,T
3952.7,1527.8,3991.7,1532.1,T,T
1736.9,1739.6,1702.6,1730.6,F,T
1775.8,1658.3,1790.5,1686,T,T
2461.2,988.1,2455.5,1005.3,T,T
2705.4,809.3,2707.7,689.1,T,T
2302.2,1151.7,2300.2,1157,T,T
2565.8,905.3,2562.6,879.8,T,T
2270.6,1173.3,2282.1,1187.2,T,T
2126.5,1310.8,2129.4,1347.2,T,T
1574.7,1884.5,1583.3,1871.9,T,T
2146,1297.7,2139.5,1331,T,T
2372.8,1087.9,2391.5,1068.4,T,T
2292.3,1172.8,2300.2,1157,T,T
1727.3,1718.9,1736.9,1739.6,T,T
2397.7,1047.8,2459.7,1020.6,T,T
2008.1,1397.7,2046.5,1476.5,F,F
2372.8,1087.9,2365.9,1106,T,T
1800.5,1668.4,1799,1664,T,T
2292.3,1172.8,2282.1,1187.2,T,T
1445.7,1994.8,1501.8,1992.5,T,T
2391.5,1068.4,2421.8,1055.4,T,T
1544.4,1930.4,1545.7,1917.4,T,T
2207.7,1236.2,2245.5,1249.3,T,T
1519.7,1950.3,1529.8,1939.7,T,T
2459.7,1020.6,2455.5,1005.3,T,T
2223.3,1224.5,2245.5,1249.3,T,T
2611.9,906.4,2657.9,766.8,T,T
1463.8,1999.7,1417.7,2062.8,T,T
1544.4,1930.4,1529.8,1939.7,T,T
2129.4,1347.2,2139.5,1331,T,T
1774.8,1704.3,1762.7,1708.8,T,T
1519.7,1950.3,1512.4,1968.5,T,T
2289.3,1194.2,2282.1,1187.2,T,T
1358.4,2144.8,1334.5,2115.1,T,T
2365.9,1106,2362.4,1119.7,T,T
1800.5,1668.4,1805.6,1679.5,T,T
2341,1153.6,2344.8,1114.6,T,T
4046.4,1454.2,4041.5,1509.4,T,T
1790.5,1686,1785.4,1693.7,T,T
2280.7,1204.9,2282.1,1187.2,T,T
2565.8,905.3,2590.7,895,T,T
1774.8,1704.3,1785.4,1693.7,T,T
1748.5,1733.1,1736.9,1739.6,T,T
2432.1,1050.5,2421.8,1055.4,T,T
1463.8,1999.7,1497.3,2000.6,T,T
2373.9,1105.6,2362.4,1119.7,T,T
1790.5,1686,1805.6,1679.5,T,T
1565.6,1933.2,1545.7,1917.4,T,T
2373.9,1116.7,2365.9,1106,T,T
1512.4,1968.5,1503.3,1978.5,T,T
1691.1,1782.3,1691.2,1798.2,T,T
1748.5,1733.1,1752,1731,T,T
2289.3,1194.2,2322.3,1160.4,T,T
2383.9,1105.2,2373.9,1105.6,T,T
2565.8,905.3,2586.4,914.2,T,T
2373.9,1116.7,2362.4,1119.7,T,T
1544.4,1930.4,1565.6,1933.2,T,T
1386.5,2107,1417.7,2062.8,T,T
1574.7,1884.5,1609.5,1907,T,T
1503.3,1978.5,1501.8,1992.5,T,T
3991.7,1532.1,4030.7,1518.1,T,T
2289.3,1194.2,2275.1,1219,T,T
2251.8,1231.1,2258.1,1236.7,T,T
1653.4,1833.5,1643.4,1847.3,T,T
2322.3,1160.4,2341,1153.6,T,T
2436.3,1064.7,2421.8,1055.4,T,T
1653.4,1833.5,1669.3,1823.3,T,T
1825.7,1671.8,1805.6,1679.5,T,T
2436.3,1064.7,2432.1,1050.5,T,T
2359.4,1141.6,2362.4,1119.7,T,T
2383.9,1105.2,2380.8,1117.8,T,T
1774.8,1704.3,1791.5,1717.9,T,T
1647.8,1850.3,1643.4,1847.3,T,T
2373.9,1116.7,2380.8,1117.8,T,T
2258.1,1236.7,2275.1,1219,T,T
1386.5,2107,1374.7,2121.6,T,T
1463.8,1999.7,1501.4,2025,T,T
2252.3,1243.2,2258.1,1236.7,T,T
2252.3,1243.2,2245.5,1249.3,T,T
1790.5,1686,1801.1,1712.4,T,T
1643.4,1847.3,1618.3,1881.6,T,T
1512.4,1968.5,1530.2,1981.1,T,T
1501.8,1992.5,1497.3,2000.6,T,T
1801.1,1712.4,1785.4,1693.7,T,T
1675.4,1807.4,1689.5,1821.7,T,T
2705.4,809.3,2744.1,738.5,T,T
1912.3,1578,1942.7,1564.5,T,T
1374.7,2121.6,1358.4,2144.8,T,T
1748.5,1733.1,1759,1760.1,T,T
2383.9,1105.2,2408,1103.7,T,T
2508.7,1009.5,2432.1,1050.5,T,T
1846,1644.2,1853,1658,T,T
1565.6,1933.2,1553.3,1950.1,T,T
4041.5,1509.4,4030.7,1518.1,T,T
2590.7,895,2611.9,906.4,T,T
1689.5,1821.7,1669.3,1823.3,T,T
2252.3,1243.2,2260.1,1252.1,T,T
1691.2,1798.2,1702,1816,T,T
1825.7,1671.8,1853,1658,T,T
1620.2,1891.9,1618.3,1881.6,T,T
2255.6,1261.7,2245.5,1249.3,T,T
1833.4,1689.1,1825.7,1671.8,T,T
1801.1,1712.4,1791.5,1717.9,T,T
2609.1,915.6,2586.4,914.2,T,T
1620.2,1891.9,1609.5,1907,T,T
1702,1816,1689.5,1821.7,T,T
1942.7,1564.5,1971.6,1551.6,T,T
2284.4,1256.1,2275.1,1219,T,T
1872.9,1650.1,1853,1658,T,T
2363.2,1169.9,2359.4,1141.6,T,T
1543.2,1979.9,1530.2,1981.1,T,T
1787.4,1740.2,1791.5,1717.9,T,T
2596.3,944.4,2586.4,914.2,T,T
2609.1,915.6,2611.9,906.4,T,T
1632.6,1903,1620.2,1891.9,T,T
1775.1,1752.9,1759,1760.1,T,T
1595.6,1954.3,1565.6,1933.2,T,T
1808.8,1729.9,1801.1,1712.4,T,T
2284.4,1256.1,2260.1,1252.1,T,T
2046.5,1476.5,2062.3,1468.1,T,T
1775.1,1752.9,1787.4,1740.2,T,T
1872.9,1650.1,1893.7,1640.5,T,T
2508.7,1009.5,2563.8,975.8,T,T
2242,1348.2,2139.5,1331,T,T
2355.9,1210.4,2341,1153.6,T,T
1872.9,1650.1,1878.3,1661.4,T,T
1766.1,1778.5,1759,1760.1,T,T
2609.1,915.6,2596.3,944.4,T,T
1808.8,1729.9,1787.4,1740.2,T,T
2275.1,1219,2314.1,1257.7,T,T
1710.3,1847.5,1689.5,1821.7,T,T
1766.1,1778.5,1740.1,1787.9,T,T
2165.5,1433.8,2129.4,1347.2,T,T
1721.4,1838.8,1702,1816,T,T
2375.8,1169.9,2363.2,1169.9,T,T
1637.2,1925.3,1609.5,1907,T,T
2255.6,1261.7,2249.4,1312.9,T,T
1632.6,1903,1638,1906.2,T,T
1942.7,1564.5,1965.2,1608.4,T,T
2070.6,1479.8,2062.3,1468.1,T,T
2563.8,975.8,2596.3,944.4,T,T
2609.1,915.6,2623.2,932.9,T,T
1645.7,1897.7,1638,1906.2,T,T
2611.9,906.4,2656.2,917.7,F,F
2285.9,1290.7,2255.6,1261.7,T,T
2363.2,1169.9,2369,1193.6,T,T
1610.4,1991.7,1553.3,1950.1,T,T
1637.2,1925.3,1638,1906.2,T,T
1965.2,1608.4,1893.7,1640.5,T,T
1766.1,1778.5,1800.8,1764.9,T,T
2284.4,1256.1,2314.1,1257.7,T,T
1808.8,1729.9,1820.8,1755.8,T,T
1721.4,1838.8,1710.3,1847.5,T,T
1740.1,1787.9,1763.8,1835.9,T,T
2078.2,1502.2,2070.6,1479.8,T,T
1693,1858,1721.3,1860.4,T,T
2705.4,809.3,2695.2,926.9,T,T
2284.4,1256.1,2301.7,1296.7,T,T
2078.2,1502.2,2043.1,1514.9,T,T
2285.9,1290.7,2249.4,1312.9,T,T
1721.3,1860.4,1710.3,1847.5,T,T
1820.8,1755.8,1800.8,1764.9,T,T
2153.1,1440.2,2070.6,1479.8,T,T
2372,1208.4,2369,1193.6,T,T
2355.9,1210.4,2357.5,1220.9,T,T
2372,1208.4,2355.9,1210.4,T,T
1637.2,1925.3,1651.5,1935.4,T,T
1556.7,2066.4,1501.4,2025,T,T
2357.5,1220.9,2314.1,1257.7,T,T
1721.4,1838.8,1736.1,1857.6,T,T
1893.7,1640.5,1923.4,1704.8,T,T
2630.3,977.3,2623.2,932.9,T,T
2240.2,1360.4,2249.4,1312.9,T,T
2301.7,1296.7,2314.1,1257.7,T,T
1965.2,1608.4,1974.3,1625.3,T,T
2285.9,1290.7,2301.7,1296.7,T,T
1670.8,1924.1,1721.3,1860.4,F,F
2078.2,1502.2,2083.4,1514,T,T
2372,1208.4,2375.1,1224.2,T,T
2372,1208.4,2393.1,1207,T,T
1670.8,1924.1,1651.5,1935.4,T,T
1721.3,1860.4,1731.8,1871.3,T,T
1754.8,1839.1,1736.1,1857.6,T,T
1651.5,1935.4,1610.4,1991.7,T,T
209.8,1405,2.3,1476.9,T,T
2153.1,1440.2,2165.5,1433.8,T,T
1754.8,1839.1,1763.8,1835.9,T,T
2656.2,917.7,2649.2,969.7,T,T
2057.1,1564.7,1965.2,1608.4,T,T
2341.1,1282.8,2314.1,1257.7,T,T
1955.6,1643.8,1964.4,1632.6,T,T
2656.2,917.7,2695.2,926.9,F,F
1964.4,1632.6,1974.3,1625.3,T,T
1741.6,1862.6,1736.1,1857.6,T,T
2375.1,1224.2,2393.1,1207,T,T
1582,2020,1577.7,2020.2,T,T
1610.4,1991.7,1582,2020,T,T
2101.3,1506.4,2083.4,1514,T,T
1949.4,1658.7,1955.6,1643.8,T,T
2366.5,1262.2,2357.5,1220.9,T,T
1741.6,1862.6,1731.8,1871.3,T,T
1658.2,2000.6,1595.6,1954.3,T,T
1577.7,2020.2,1586,2025.8,T,T
1991.6,1623.2,1974.3,1625.3,T,T
1610.4,1991.7,1586,2025.8,F,F
1827.8,1822.4,1800.8,1764.9,T,T
2236.9,1379.6,2240.2,1360.4,T,T
2301.7,1296.7,2302.2,1316.7,T,T
2153.1,1440.2,2163.4,1463.9,T,T
2301.7,1296.7,2322.2,1299.4,T,T
1771.3,1851.3,1763.8,1835.9,T,T
1673,1962,1651.5,1935.4,F,F
2242,1348.2,2269.7,1364.3,T,T
1670.8,1924.1,1693.2,1939.5,T,T
1741.6,1862.6,1750.6,1873.4,T,T
2057.1,1564.7,2053,1554,T,T
2421.8,1209.3,2393.1,1207,T,T
1949.4,1658.7,1949.8,1674.8,T,T
1670.8,1924.1,1669.4,1970.9,T,T
1556.7,2066.4,1586,2025.8,T,T
1851.8,1812.5,1820.8,1755.8,T,T
2384.3,1262.1,2375.1,1224.2,T,T
2341.1,1282.8,2322.2,1299.4,T,T
2630.3,977.3,2633,1005.4,T,T
2007.5,1624.6,1991.6,1623.2,T,T
2101.3,1550.7,2083.4,1514,T,T
2348.1,1278.1,2341.1,1282.8,T,T
2236.9,1379.6,2269.7,1364.3,T,T
2221,1432.1,2165.5,1433.8,T,T
1923.4,1704.8,1914.5,1709.8,T,T
2398.4,1223.8,2421.8,1209.3,T,T
2236.9,1379.6,2234.3,1402.9,T,T
1771.3,1851.3,1787.8,1844.2,T,T
2366.5,1262.2,2348.1,1278.1,T,T
2642.2,995.7,2649.2,969.7,T,T
2236.9,1379.6,2257.3,1383.8,T,T
2362.2,1270.2,2366.5,1262.2,T,T
1761.7,1902.7,1731.8,1871.3,T,T
1949.8,1674.8,1950.5,1693.4,T,T
2398.4,1223.8,2384.3,1262.1,T,T
1612.7,2045.8,1586,2025.8,T,T
1570.2,2077.1,1556.7,2066.4,T,T
1950.5,1693.4,1923.4,1704.8,T,T
2101.3,1550.7,2057.1,1564.7,T,T
2345,1308.6,2322.2,1299.4,T,T
1669.4,1970.9,1673,1962,T,T
2642.2,995.7,2633,1005.4,T,T
2364.2,1286.9,2348.1,1278.1,T,T
2257.3,1383.8,2234.3,1402.9,T,T
2362.2,1270.2,2364.2,1286.9,T,T
1814.9,1840.8,1787.8,1844.2,T,T
1514,1298,1512,2964,F,F
1771.4,1894.3,1750.6,1873.4,T,T
2221,1432.1,2234.3,1402.9,T,T
2027.3,1632.2,2007.5,1624.6,T,T
1750.6,1873.4,1792.3,1875,T,T
1512,2964,1515,1302,F,F
2421.8,1209.3,2452,1214.3,T,T
1669.4,1970.9,1658.2,2000.6,T,T
2257.3,1383.8,2270.8,1388.1,T,T
1787.8,1844.2,1800.8,1868.8,F,F
1814.9,1840.8,1827.8,1822.4,T,T
2384.3,1262.1,2403,1260.6,T,T
1961.6,1706.1,1950.5,1693.4,T,T
1851.8,1812.5,1827.8,1822.4,T,T
2101.3,1550.7,2124.8,1539.8,T,T
1612.7,2045.8,1606.6,2055.2,T,T
2685.1,1013.7,2695.2,926.9,T,T
2364.2,1286.9,2373.8,1301.5,T,T
2101.3,1550.7,2113.2,1561.3,T,T
2373.8,1301.5,2345,1308.6,T,T
2389.6,1296.6,2384.3,1262.1,T,T
1786.2,1880.9,1771.4,1894.3,T,T
1888.6,1796.8,1878,1770,T,T
1786.2,1880.9,1792.3,1875,T,T
1800.8,1868.8,1792.3,1875,T,T
1814.9,1840.8,1823,1859.1,F,F
1658.2,2000.6,1668.5,2012.4,T,T
2221,1432.1,2224.8,1461.2,T,T
2633,1067.7,2633,1005.4,T,T
2365.6,1319.9,2345,1308.6,T,T
2775.9,942.1,2695.2,926.9,T,T
2452,1214.3,2463.5,1215.8,T,T
1923.4,1704.8,1952.3,1765.5,T,T
2040.5,1646.8,2027.3,1632.2,T,T
2221,1432.1,2254,1440.1,T,T
2124.8,1539.8,2130.2,1552.3,T,T
1851.8,1812.5,1858.1,1826.1,T,T
1851.8,1812.5,1888.6,1796.8,F,F
1794.3,1890.4,1786.2,1880.9,T,T
1823,1859.1,1800.8,1868.8,T,T
2174,1488,2171.7,1517.5,T,T
2171.7,1517.5,2124.8,1539.8,T,T
1973.2,1714.6,1961.6,1706.1,T,T
1612.7,2045.8,1635.1,2061.2,T,T
2113.2,1561.3,2130.2,1552.3,T,T
2389.6,1296.6,2373.8,1301.5,T,T
1793.3,1913.3,1771.4,1894.3,T,T
1823,1859.1,1836.8,1853.7,T,T
1761.7,1902.7,1785.6,1923,T,T
2480.3,1218.5,2463.5,1215.8,T,T
1794.3,1890.4,1799.3,1899.7,T,T
2373.8,1301.5,2373.4,1335.3,T,T
1682.9,2023,1668.5,2012.4,T,T
2389.6,1296.6,2391.5,1310.7,T,T
1846.1,1852.9,1836.8,1853.7,T,T
1888.6,1796.8,1930,1774,T,T
2101.3,1550.7,2126.3,1612.9,T,T
2171.7,1517.5,2200,1502.7,T,T
2373.4,1335.3,2355.8,1329.1,T,T
2040.5,1646.8,2044.4,1662.1,T,T
2365.6,1319.9,2373.4,1335.3,T,T
1635.1,2061.2,1628.6,2070.1,T,T
1973.2,1714.6,1987.3,1721.6,T,T
2233.7,1479.9,2224.8,1461.2,T,T
1930,1774,1928,1769,T,T
1846.1,1852.9,1850.7,1854.9,T,T
1875.3,1852.2,1858.1,1826.1,T,T
2171.7,1517.5,2185,1539.4,T,T
2223.2,1487.2,2200,1502.7,T,T
1930,1774,1932,1778,T,T
1793.3,1913.3,1785.6,1923,T,T
209.8,1405,331.1,1377.9,T,T
1850.7,1854.9,1858.5,1857.6,T,T
1930,1774,1952.3,1765.5,F,F
1635.1,2061.2,1651.9,2075.2,T,T
2223.2,1487.2,2233.7,1479.9,T,T
2391.5,1310.7,2393.1,1330.3,T,T
1853.9,1865.5,1850.7,1854.9,T,T
1799.3,1899.7,1813.9,1912,T,T
2185,1539.4,2200,1502.7,T,T
2480.3,1218.5,2505.6,1224.2,T,T
1793.3,1913.3,1802.8,1919.5,T,T
2045.1,1678.6,2044.4,1662.1,T,T
2393.1,1330.3,2373.4,1335.3,T,T
1682.9,2023,1698.4,2031.1,T,T
1987.3,1721.6,2003.4,1722.6,T,T
1858.5,1857.6,1864.1,1857.1,T,T
1806.9,1915.3,1802.8,1919.5,T,T
1787.6,1949.6,1785.6,1923,T,T
2232.9,1504,2223.2,1487.2,T,T
1995.5,1742.7,1987.3,1721.6,T,T
2233.7,1479.9,2263.2,1470.4,T,T
1806.9,1915.3,1813.9,1912,T,T
1875.3,1852.2,1864.1,1857.1,T,T
1851.2,1880.9,1853.9,1865.5,T,T
2621.1,1131,2633,1067.7,T,T
1995.5,1742.7,1952.3,1765.5,T,T
2393.1,1330.3,2404.2,1329.9,T,T
1642.6,2088.3,1651.9,2075.2,T,T
2685.1,1013.7,2671.7,1088.3,T,T
2233.7,1479.9,2254.6,1491.5,T,T
2018.7,1715.3,2003.4,1722.6,T,T
1774,1962.3,1767.6,1956.7,T,T
2045.1,1678.6,2044,1695.8,T,T
1698.4,2031.1,1681.7,2053.4,T,T
1785.6,1923,1813,1942.7,T,T
1701.8,2034.3,1698.4,2031.1,T,T
1633.2,2101.4,1642.6,2088.3,T,T
1834.1,1912,1813.9,1912,T,T
2018.7,1715.3,2031.2,1706.8,T,T
1774,1962.3,1787.6,1949.6,T,T
1674.4,2064.4,1681.7,2053.4,T,T
2044,1695.8,2031.2,1706.8,T,T
2520.9,1228.1,2505.6,1224.2,T,T
2263.2,1470.4,2254.6,1491.5,T,T
1654.1,2095.2,1642.6,2088.3,T,T
1834.1,1912,1846.2,1888.9,T,T
1663.8,2078.8,1674.4,2064.4,T,T
2373.4,1335.3,2371.9,1404.3,T,T
1986.4,1769.4,1976.8,1753.3,T,T
1680.5,2068.6,1674.4,2064.4,T,T
1659.8,2086.5,1663.8,2078.8,T,T
1987.9,1747.2,1986.4,1769.4,T,T
1654.1,2095.2,1659.8,2086.5,T,T
1701.8,2034.3,1701.8,2056.9,T,T
1851.2,1880.9,1870.4,1893.2,T,T
2404.2,1356.7,2404.2,1329.9,T,T
2232.9,1504,2256.7,1505.1,T,T
1680.5,2068.6,1688.6,2060.3,T,T
2393.1,1330.3,2391.5,1384.6,T,T
1693.7,2058.1,1688.6,2060.3,T,T
1678.7,2074.9,1680.5,2068.6,T,T
1871.3,1900.4,1846.2,1888.9,T,T
1659.8,2086.5,1677.9,2084.1,T,T
2256.7,1505.1,2254.6,1491.5,T,T
1693.7,2058.1,1701.8,2056.9,T,T
2054.9,1718,1995.5,1742.7,T,T
2054.9,1718,2044,1695.8,T,T
2621.1,1131,2671.7,1088.3,T,T
1678.7,2074.9,1677.9,2084.1,T,T
1875.3,1852.2,1895.9,1895.2,T,T
1848.3,1947.9,1802.8,1919.5,T,T
1851.6,2082.7,1651.5,1935.4,T,T
1709.9,2058.5,1701.8,2056.9,T,T
1787.6,1949.6,1817.1,1977,T,T
1680.1,2090.6,1677.9,2084.1,T,T
1871.3,1900.4,1870.4,1893.2,T,T
1654.1,2095.2,1675.8,2111.7,T,T
1701.8,2034.3,1740.2,2063.6,T,T
2520.9,1228.1,2554.6,1239.9,F,F
1715.2,2061.3,1709.9,2058.5,T,T
2621.1,1131,2611.3,1182.4,T,T
1680.1,2090.6,1682.7,2094.4,T,T
2054.9,1718,2066.7,1713.5,T,T
1840.7,1958.4,1813,1942.7,T,T
1834.1,1912,1876,1934.6,T,T
1871.3,1900.4,1882.1,1905,T,T
1715.2,2061.3,1719.1,2064.8,T,T
1682.7,2094.4,1687.2,2099.5,T,T
2389.6,1403.8,2391.5,1384.6,T,T
2389.6,1403.8,2371.9,1404.3,T,T
2126.3,1612.9,2156.5,1675.3,T,T
1687.2,2099.5,1675.8,2111.7,T,T
1882.1,1905,1880.9,1908.2,T,T
1719.1,2064.8,1722.3,2071.5,T,T
1848,2091.6,1669.4,1970.9,T,T
2002.1,1796.2,2008.1,1773.5,T,T
1913,1881,1909,1879,T,T
1694.3,2102.6,1687.2,2099.5,T,T
1975.8,1852.8,1986.4,1769.4,T,T
1886.5,1911.5,1880.9,1908.2,T,T
2371.9,1404.3,2367.7,1445.5,T,T
331.1,1377.9,425.5,1360.7,T,T
1913.6,1887.7,1895.9,1895.2,T,T
1840.7,1958.4,1817.1,1977,T,T
1840.7,1958.4,1848.3,1947.9,T,T
1913,1881,1913.6,1887.7,F,F
1740.2,2063.6,1722.3,2071.5,T,T
2389.6,1403.8,2400,1404.5,T,T
1724.2,2080.2,1722.3,2071.5,T,T
2054.9,1718,2072.3,1754.3,T,T
1886.5,1911.5,1885.6,1917.3,T,T
1694.3,2102.6,1704.1,2103.2,T,T
2611.3,1182.4,2610.2,1204.6,T,T
2400,1404.5,2418.7,1388.4,T,T
2066.7,1713.5,2156.5,1675.3,T,T
1953.7,1864.4,1913,1881,T,T
1885.6,1917.3,1876,1934.6,T,T
2322.1,1532.1,2309.3,1450.4,T,T
1724.2,2080.2,1722.9,2087.5,T,T
2384.3,1441.3,2389.6,1403.8,T,T
1712.4,2100.7,1704.1,2103.2,T,T
2400,1404.5,2411.1,1408,T,T
1909.4,1922.7,1895.9,1895.2,T,T
2002.1,1796.2,2002.6,1823.5,T,T
1870.7,1958.5,1848.3,1947.9,T,T
1719.9,2094.6,1722.9,2087.5,T,T
1913.6,1887.7,1953.7,1871.4,T,T
1703.9,2135,1675.8,2111.7,T,T
1898.2,1926.4,1885.6,1917.3,T,T
2588.7,1244.1,2554.6,1239.9,T,T
1719.9,2094.6,1712.4,2100.7,F,F
1882.6,1935.2,1876,1934.6,T,T
1882.6,1935.2,1885.6,1928.1,T,T
1913.6,1887.7,1909.4,1922.7,T,T
1898.2,1926.4,1885.6,1928.1,T,T
1719.9,2094.6,1724.8,2098.7,T,T
2256.7,1505.1,2306.6,1570.8,T,T
1953.7,1871.4,1953.7,1864.4,T,T
1840.7,1958.4,1872.7,1972.2,T,T
2355.4,1475.3,2367.7,1445.5,T,T
1975.8,1852.8,1953.7,1864.4,T,T
2117.7,1751.1,2066.7,1713.5,T,T
1488.7,358.2,1491.8,216.7,T,T
2671.7,1088.3,2638.4,1252.8,T,T
1889.7,1947.6,1882.6,1935.2,T,T
1898.2,1926.4,1909.4,1922.7,T,T
2384.3,1441.3,2382.7,1448.5,T,T
2083.9,1751.3,2072.3,1754.3,T,T
1870.7,1958.5,1877.6,1957.7,T,T
2411.1,1408,2401.1,1447.8,T,T
1906.1,1939,1898.2,1926.4,T,T
1973.3,1873.5,1953.7,1871.4,T,T
1889.7,1947.6,1877.6,1957.7,T,T
2384.3,1441.3,2401.1,1447.8,T,T
1973.3,1873.5,1975.8,1852.8,T,T
2616.2,1245.8,2610.2,1204.6,T,T
1703.9,2135,1700.2,2139.3,T,T
1889.7,1947.6,1899.6,1943.2,T,T
1872.7,1972.2,1877.6,1957.7,T,T
2322.1,1532.1,2355.4,1475.3,T,T
2159.9,1694.8,2156.5,1675.3,T,T
1929.9,1926,1909.4,1922.7,T,T
2378.1,1480.7,2382.7,1448.5,T,T
1897.9,1960,1877.6,1957.7,T,T
2616.2,1245.8,2588.7,1244.1,T,T
1700.2,2139.3,1711.2,2148,T,T
2775.9,942.1,2711.5,1271.2,T,T
1903.7,1952.4,1906.1,1939,T,T
2072.3,1754.3,2087.9,1789.1,T,T
2159.9,1694.8,2154,1699,T,T
2263,1594,2248,1603,T,T
1872.7,1972.2,1880.9,1987.5,T,T
1903.7,1952.4,1897.9,1960,T,T
1872.7,1972.2,1890.9,1978.7,T,T
2357.5,1503.7,2378.1,1480.7,T,T
2253,1617,2248,1603,T,T
2083.9,1751.3,2108.6,1778,T,T
2159.9,1694.8,2172,1698,T,T
1915.7,1956.5,1903.7,1952.4,T,T
2165,1711,2154,1699,T,T
2165,1711,2159.9,1694.8,T,T
2322.1,1532.1,2338.5,1538.4,T,T
2322.1,1532.1,2306.6,1570.8,T,T
2253,1617,2244,1619,T,T
2338.5,1538.4,2357.5,1503.7,T,T
1880.9,1987.5,1890.9,1978.7,T,T
1929.9,1926,1925.9,1957.5,T,T
1441,356.9,1488.7,358.2,T,T
2411.4,1500.2,2382.7,1448.5,T,T
1973.3,1873.5,1967.2,1930.1,T,T
2117.7,1751.1,2135.2,1741.5,T,T
2217.7,1695.5,2156.5,1675.3,T,T
2165,1711,2172,1698,T,T
1929.9,1926,1967.2,1930.1,T,T
2616.2,1245.8,2638.4,1252.8,T,T
1915.7,1956.5,1925.9,1957.5,T,T
2117.7,1751.1,2127.8,1758.7,T,T
2084.7,1934.6,1995.5,1742.7,T,T
1901.4,1987.9,1890.9,1978.7,T,T
2108.6,1778,2087.9,1789.1,T,T
2002.6,1823.5,2028.3,1911.9,T,T
1915.7,1956.5,1924.6,1970.7,T,T
1889.9,2012.8,1880.9,1987.5,T,T
2127.8,1758.7,2108.6,1778,T,T
2165,1711,2167,1731,T,T
2167,1731,2135.2,1741.5,T,T
535.3,1363.1,425.5,1360.7,T,T
2338.5,1538.4,2360.2,1549.1,T,T
2115.2,1785.6,2108.6,1778,T,T
2338.5,1538.4,2320.4,1590.3,T,T
2253,1617,2297,1624,T,T
1901.4,1987.9,1913.6,1991.9,T,T
2253,1617,2272.2,1654.1,T,T
2213.4,1670.7,2217.7,1695.5,T,T
2115.2,1785.6,2106.6,1791.7,T,T
2106.2,1799.5,2106.6,1791.7,T,T
2167,1731,2172,1734,T,T
2115.2,1785.6,2128.2,1777.2,T,T
2302.3,1626.7,2306.6,1570.8,T,T
1964.2,1962.4,1925.9,1957.5,T,T
2127.8,1758.7,2152,1773,T,T
1488.7,358.2,1514.2,355,T,T
2363.2,1545.5,2360.2,1549.1,T,T
1488.6,387.8,1488.7,358.2,T,T
2139.3,1779.6,2128.2,1777.2,T,T
1964.2,1962.4,1967.2,1930.1,T,T
1512.1,346.5,1514.2,355,T,T
1955.3,1976.1,1924.6,1970.7,T,T
2186,1738,2172,1734,T,T
1913.6,1991.9,1931.6,1994.6,T,T
2172,1734,2152,1773,T,T
2416.8,1512.5,2411.4,1500.2,T,T
1521.7,357.5,1514.2,355,T,T
1903.5,2038.2,1889.9,2012.8,T,T
2360.2,1549.1,2369,1566,T,T
2274.3,1661,2217.7,1695.5,T,T
2297,1624,2302.3,1626.7,T,T
2272.2,1654.1,2302.3,1626.7,T,T
1955.3,1976.1,1964.2,1962.4,T,T
2274.3,1661,2272.2,1654.1,T,T
1491.7,398.2,1488.6,387.8,T,T
1931.6,1994.6,1943.9,1995.3,T,T
1963.5,1976.1,1964.2,1962.4,T,T
1955.3,1976.1,1943.9,1995.3,T,T
1955.3,1976.1,1963.5,1976.1,T,T
1851.6,2082.7,1848,2091.6,T,T
2711.5,1271.2,2638.4,1252.8,T,T
1523.2,385,1488.6,387.8,T,T
2260.7,1707.4,2217.7,1695.5,T,T
1523.2,385,1521.7,357.5,T,T
1955.5,1991.5,1943.9,1995.3,T,T
2321.9,1653.4,2320.4,1590.3,T,T
2369,1566,2375.6,1576.1,T,T
2166.7,1801.2,2139.3,1779.6,T,T
1935.3,2013.9,1943.9,1995.3,T,T
1935.3,2013.9,1903.5,2038.2,T,T
2369,1566,2405,1551,T,T
1903.5,2038.2,1895.5,2056.2,T,T
1521.7,357.5,1563.2,358.6,T,T
1848,2091.6,1850.4,2107.3,T,T
1966.8,1991.4,1955.5,1991.5,T,T
2022.8,1946.7,2028.3,1911.9,T,T
2405,1551,2418,1544,F,F
1523.2,385,1519.4,395.5,T,T
2416.8,1512.5,2438.2,1551.5,T,T
2106.2,1799.5,2144.4,1876,T,T
1935.3,2013.9,1948.9,2029.6,T,T
1894.7,2081.1,1895.5,2056.2,T,T
2304.6,1694.3,2302.3,1626.7,T,T
2033.5,1934.1,2032.8,1930.1,T,T
2032.8,1930.1,2038.7,1929.7,T,T
2274.3,1661,2295.3,1701.3,T,T
2019.6,1976.1,1963.5,1976.1,T,T
2033.5,1934.1,2033.7,1937.3,T,T
2038.8,1933.6,2038.7,1929.7,T,T
2038.8,1933.6,2033.5,1934.1,T,T
2038.7,1929.7,2044.7,1928.6,T,T
2259.7,1715.5,2260.7,1707.4,T,T
2034.5,1940.4,2033.7,1937.3,T,T
2775.9,942.1,2997.9,1230.8,T,T
2033.7,1937.3,2039.9,1936.8,T,T
2038.8,1933.6,2039.9,1936.8,T,T
2038.8,1933.6,2044.8,1932.3,T,T
2034.5,1945,2022.8,1946.7,T,T
2044.8,1932.3,2044.7,1928.6,T,T
1573.9,358.6,1563.2,358.6,T,T
2044.7,1928.6,2050.3,1927.8,T,T
2418,1544,2438.2,1551.5,T,T
2022.8,1946.7,2021.1,1962.3,T,T
2034.5,1940.4,2034.5,1945,T,T
2034.5,1940.4,2040.4,1940.2,T,T
2039.9,1936.8,2045.2,1935.8,T,T
2039.9,1936.8,2040.4,1940.2,T,T
2259.7,1715.5,2250.3,1733.2,T,T
2044.8,1932.3,2045.2,1935.8,T,T
2044.8,1932.3,2050.5,1931.4,T,T
2050.3,1927.8,2050.5,1931.4,T,T
2050.3,1927.8,2054.9,1927.3,T,T
2034.5,1945,2040.5,1943.9,T,T
2260.7,1707.4,2295.3,1701.3,T,T
2045.9,1938.9,2045.2,1935.8,T,T
2045.9,1938.9,2040.4,1940.2,T,T
2040.4,1940.2,2040.5,1943.9,T,T
2051.1,1934.4,2045.2,1935.8,T,T
2051.1,1934.4,2050.5,1931.4,T,T
1880.1,2130.3,1850.4,2107.3,T,T
1966.8,1991.4,2018.5,1993,T,T
2155.6,1936.6,2087.9,1789.1,T,T
2056.4,1931.1,2050.5,1931.4,T,T
2056.4,1931.1,2054.9,1927.3,T,T
1895.7,2097.8,1894.7,2081.1,T,T
1491.7,398.2,1491.4,493.2,T,T
2246.5,1741.2,2250.3,1733.2,T,T
2044.2,1943.4,2040.5,1943.9,T,T
2038.9,1950.2,2033.5,1950.5,T,T
2033.7,1955.5,2033.5,1950.5,T,T
2045.9,1938.9,2052,1937.7,T,T
2029.8,1962.5,2021.1,1962.3,T,T
2051.1,1934.4,2052,1937.7,T,T
2045.9,1938.9,2047.2,1943.2,T,T
2051.1,1934.4,2057,1933.8,T,T
1523.2,385,1553.9,419.3,T,T
2047.2,1943.2,2044.2,1943.4,T,T
2056.4,1931.1,2057,1933.8,T,T
2019.6,1976.1,2021.1,1962.3,T,T
2044.2,1943.4,2044.6,1949.3,T,T
2038.9,1950.2,2039.2,1954.3,T,T
2033.7,1955.5,2034.3,1958.6,T,T
2033.7,1955.5,2039.2,1954.3,T,T
1299.3,617.9,1349.8,618.9,T,T
2198.7,1816.5,2166.7,1801.2,T,T
2038.9,1950.2,2044.6,1949.3,T,T
2254.7,1842,2127.8,1758.7,T,T
2052,1942.2,2047.2,1943.2,T,T
2052,1942.2,2052,1937.7,T,T
1959.8,2046.2,1948.9,2029.6,T,T
2058.1,1937.2,2052,1937.7,T,T
2058.1,1937.2,2057,1933.8,T,T
2259.7,1715.5,2291,1720.5,T,T
2321.2,1693.2,2321.9,1653.4,T,T
2029.8,1962.5,2030.2,1966.4,T,T
2029.8,1962.5,2034.5,1962,T,T
2034.5,1962,2034.3,1958.6,T,T
2054.9,1941.6,2052,1942.2,T,T
2034.3,1958.6,2039.8,1957.8,T,T
2039.2,1954.3,2039.8,1957.8,T,T
2050.3,1948.4,2044.6,1949.3,T,T
2039.2,1954.3,2045,1953.3,T,T
2045,1953.3,2044.6,1949.3,T,T
2058.1,1937.2,2059.2,1940.5,T,T
2304.6,1694.3,2295.3,1701.3,T,T
2054.9,1941.6,2059.2,1940.5,T,T
2030.6,1969.4,2030.2,1966.4,T,T
2034.5,1962,2035.2,1965.4,T,T
2030.2,1966.4,2035.2,1965.4,T,T
2443.6,1564.1,2438.2,1551.5,T,T
619.8,1383.8,535.3,1363.1,T,T
2034.5,1962,2040.1,1961.3,T,T
2039.8,1957.8,2040.1,1961.3,T,T
2711.5,1271.2,2705.5,1311.3,T,T
2054.9,1941.6,2055.9,1947.7,T,T
2045.4,1956.9,2039.8,1957.8,T,T
2045.4,1956.9,2045,1953.3,T,T
2051,1952.3,2045,1953.3,T,T
2051,1952.3,2050.3,1948.4,T,T
2050.3,1948.4,2055.9,1947.7,T,T
2030.6,1969.4,2035.3,1968.4,T,T
1846.1,2163.9,1895.7,2097.8,T,T
1427,520.8,1440.1,520.8,T,T
1298.3,671.6,1299.3,639,T,T
2035.3,1968.4,2035.2,1965.4,T,T
1620,358.2,1573.9,358.6,T,T
2040.8,1964.7,2035.2,1965.4,T,T
2019.6,1976.1,2018.5,1993,T,T
2045.9,1960.2,2040.1,1961.3,T,T
2040.8,1964.7,2040.1,1961.3,T,T
2045.9,1960.2,2045.4,1956.9,T,T
1350.1,593.1,1349.8,618.9,T,T
2291,1720.5,2295.3,1701.3,T,T
2045.4,1956.9,2051.1,1956.1,T,T
2051,1952.3,2051.1,1956.1,T,T
1851.6,2082.7,1933,2143.6,T,T
2051,1952.3,2056,1951.8,T,T
2056,1951.8,2055.9,1947.7,T,T
2055.9,1947.7,2061.1,1946.6,T,T
2041,1967.8,2035.3,1968.4,T,T
2286.7,1742.5,2250.3,1733.2,T,T
2321.2,1693.2,2304.6,1694.3,T,T
2041,1967.8,2040.8,1964.7,T,T
2045.9,1960.2,2046.6,1963.9,T,T
2046.6,1963.9,2040.8,1964.7,T,T
2045.9,1960.2,2051.9,1959.4,T,T
2051.9,1959.4,2051.1,1956.1,T,T
2084.7,1934.6,2059.2,1940.5,T,T
2061.9,1950,2061.1,1946.6,T,T
2061.9,1950,2056,1951.8,T,T
2056,1951.8,2056.5,1955.3,T,T
2056.5,1955.3,2051.1,1956.1,T,T
1523.2,385,1631.7,384.7,T,T
1895.7,2097.8,1917.3,2109.5,T,T
1373.9,621.5,1373.6,556.5,T,T
2254.7,1842,2152,1773,T,T
2041,1967.8,2046.7,1967,T,T
2019.6,1976.1,2056.4,1972.5,T,T
2046.6,1963.9,2046.7,1967,T,T
2046.6,1963.9,2052.4,1962.5,T,T
2056.8,1958.4,2051.9,1959.4,T,T
1299.3,639,1350.8,641,T,T
2052.4,1962.5,2051.9,1959.4,T,T
2056.8,1958.4,2056.5,1955.3,T,T
2061.9,1950,2062.4,1953.7,T,T
2062.4,1953.7,2056.5,1955.3,T,T
2046.7,1967,2052.5,1966.1,T,T
2052.5,1966.1,2052.4,1962.5,T,T
2056.8,1958.4,2057.6,1961.7,T,T
2057.6,1961.7,2052.4,1962.5,T,T
2056.8,1958.4,2062.8,1957.1,T,T
2062.4,1953.7,2062.8,1957.1,T,T
2286.7,1742.5,2291,1720.5,T,T
2062.4,1953.7,2069.6,1955.5,T,T
1491.4,493.2,1440.1,520.8,T,T
2057.6,1961.7,2063.3,1960.1,T,T
2052.5,1966.1,2058.1,1965.4,T,T
2057.6,1961.7,2058.1,1965.4,T,T
2062.8,1957.1,2063.3,1960.1,T,T
2018.5,1993,2042.4,1991.7,T,T
2062.8,1957.1,2069.6,1955.5,T,T
2443.2,1595.5,2443.6,1564.1,T,T
2063.6,1964.1,2063.3,1960.1,T,T
2063.6,1964.1,2058.1,1965.4,T,T
1981,2064.6,1959.8,2046.2,T,T
2069.7,1959.5,2063.3,1960.1,T,T
2319.9,1720.6,2291,1720.5,T,T
2069.7,1959.5,2069.6,1955.5,T,T
2321.2,1693.2,2319.9,1720.6,T,T
2298.4,1744.9,2291,1720.5,T,T
2149.3,1885.5,2144.4,1876,T,T
1350.8,641,1349.8,618.9,T,T
2198.7,1816.5,2215.6,1827.7,T,T
2018.5,1993,2020.2,2027.3,T,T
2063.6,1964.1,2070.4,1962.6,T,T
2084.7,1934.6,2092.2,1949,T,T
1373.9,621.5,1349.8,618.9,T,T
2069.7,1959.5,2070.4,1962.6,T,T
2715.2,1330.8,2705.5,1311.3,T,T
2092.2,1949,2069.6,1955.5,T,T
1298.3,671.6,1297.7,706.9,T,T
2286.7,1742.5,2298.4,1744.9,T,T
1620,358.2,1645.3,357.9,T,T
2443.2,1595.5,2440.5,1607.8,T,T
2097.8,1961.5,2056.4,1972.5,T,T
2149.3,1885.5,2161.1,1898.1,T,T
3017.3,1096.4,3079.6,904.7,T,T
2079.3,1986,2042.4,1991.7,T,T
2215.6,1827.7,2222.5,1833.9,T,T
2097.8,1961.5,2092.2,1949,T,T
1370.6,642.7,1350.8,641,T,T
2315.6,1747.3,2319.9,1720.6,T,T
1933,2143.6,1917.3,2109.5,T,T
1370.6,642.7,1373.9,621.5,T,T
2315.6,1747.3,2298.4,1744.9,T,T
2042.4,1991.7,2063,2009.5,T,T
2200.7,1872.9,2149.3,1885.5,T,T
1351.5,670.3,1350.8,641,T,T
1602,439.2,1553.9,419.3,T,T
2298.4,1744.9,2287.1,1781.7,T,T
2715.2,1330.8,2718,1358.4,T,T
2200.7,1872.9,2222.5,1833.9,T,T
1297.7,706.9,1296.4,736.3,T,T
2237,1841.4,2222.5,1833.9,T,T
1373.9,621.5,1425,622.2,T,T
1981,2064.6,2023,2071,T,T
2313.6,1764,2315.6,1747.3,T,T
2161.1,1898.1,2175.8,1907.4,T,T
1370.7,663.7,1370.6,642.7,T,T
1519.4,395.5,1516.1,620.2,T,T
2097.8,1961.5,2106.8,1980.9,T,T
2097.8,1961.5,2155.6,1936.6,T,T
2106.8,1980.9,2079.3,1986,T,T
1645.3,357.9,1696.7,358.6,T,T
2270.3,1816.1,2287.1,1781.7,T,T
2082.8,2010,2079.3,1986,T,T
1481.7,621,1440.1,520.8,T,T
2241.7,1844.8,2237,1841.4,T,T
2082.8,2010,2063,2009.5,T,T
2309,1788.7,2313.6,1764,T,T
1423.1,643.3,1370.6,642.7,T,T
1631.7,384.7,1632.5,431.5,T,T
1351.5,670.3,1350.5,708.6,T,T
2241.7,1844.8,2248.8,1845.3,T,T
1491.4,493.2,1486.3,614.6,T,T
2718,1358.4,2715.8,1389.8,T,T
2254.7,1842,2270.3,1816.1,T,T
2183.9,1917.8,2175.8,1907.4,T,T
1296.7,763.3,1296.4,736.3,T,T
2254.7,1842,2248.8,1845.3,T,T